filename,transcript
1.wav,jual kecap asin enam ratus dua puluh mililiter satu bungkus delapan belas ribu
2.wav,jual abc kecap asin enam ratus dua puluh mililiter dua bungkus tiga puluh enam ribu
3.wav,jual abc kecap asin enam ratus dua puluh mililiter tiga bungkus lima puluh empat ribu
4.wav,jual abc kecap asin enam ratus dua puluh mililiter empat bungkus tujuh puluh dua ribu
5.wav,jual abc kecap asin enam ratus dua puluh mililiter lima bungkus sembilan puluh ribu
6.wav,jual abc kecap asin enam ratus dua puluh mililiter enam bungkus seratus delapan ribu
7.wav,jual abc kecap asin enam ratus dua puluh mililiter tujuh bungkus seratus dua puluh enam ribu
8.wav,jual abc kecap asin enam ratus dua puluh mililiter delapan bungkus seratus empat puluh empat ribu
9.wav,jual kecap asin enam ratus dua puluh mililiter sembilan bungkus seratus enam puluh dua ribu
10.wav,jual kecap asin enam ratus dua puluh mililiter sepuluh bungkus seratus delapan puluh ribu
11.wav,jual abc kecap manis enam ratus dua puluh mililiter satu bungkus delapan belas ribu
12.wav,jual abc kecap manis enam ratus dua puluh mililiter dua bungkus tiga puluh enam ribu
13.wav,jual abc kecap manis enam ratus dua puluh mililiter tiga bungkus lima puluh empat ribu
14.wav,jual abc kecap manis enam ratus dua puluh mililiter empat bungkus tujuh puluh dua ribu
15.wav,jual abc kecap manis enam ratus dua puluh mililiter lima bungkus sembilan puluh ribu
16.wav,jual abc kecap manis enam ratus dua puluh mililiter enam bungkus seratus delapan ribu
17.wav,jual abc kecap manis enam ratus dua puluh mililiter tujuh bungkus seratus dua puluh enam ribu
18.wav,jual abc kecap manis enam ratus dua puluh mililiter delapan bungkus seratus empat puluh empat ribu
19.wav,jual abc kecap manis enam ratus dua puluh mililiter sembilan bungkus seratus enam puluh dua ribu
20.wav,jual abc kecap manis enam ratus dua puluh mililiter sepuluh bungkus seratus delapan puluh ribu
21.wav,jual abc sari kacang hijau dua ratus lima puluh mililiter satu bungkus empat ribu
22.wav,jual abc sari kacang hijau dua ratus lima puluh mililiter dua bungkus delapan ribu
23.wav,jual abc sari kacang hijau dua ratus lima puluh mililiter tiga bungkus dua belas ribu
24.wav,jual abc sari kacang hijau dua ratus lima puluh mililiter empat bungkus enam belas ribu
25.wav,jual abc sari kacang hijau dua ratus lima puluh mililiter lima bungkus dua puluh ribu
26.wav,jual abc sari kacang hijau dua ratus lima puluh mililiter enam bungkus dua puluh empat ribu
27.wav,jual abc sari kacang hijau dua ratus lima puluh mililiter tujuh bungkus dua puluh delapan ribu
28.wav,jual abc sari kacang hijau dua ratus lima puluh mililiter delapan bungkus tiga puluh dua ribu
29.wav,jual abc sari kacang hijau dua ratus lima puluh mililiter sembilan bungkus tiga puluh enam ribu
30.wav,jual abc sari kacang hijau dua ratus lima puluh mililiter sepuluh bungkus empat puluh ribu
31.wav,jual acnes obat jerawat satu bungkus dua puluh ribu
32.wav,jual acnes obat jerawat dua bungkus empat puluh ribu
33.wav,jual acnes obat jerawat tiga bungkus enam puluh ribu
34.wav,jual acnes obat jerawat empat bungkus delapan puluh ribu
35.wav,jual acnes obat jerawat lima bungkus seratus ribu
36.wav,jual acnes obat jerawat enam bungkus seratus dua puluh ribu
37.wav,jual acnes obat jerawat tujuh bungkus seratus empat puluh ribu
38.wav,jual acnes obat jerawat delapan bungkus seratus enam puluh ribu
39.wav,jual acnes obat jerawat sembilan bungkus seratus delapan puluh ribu
40.wav,jual acnes obat jerawat sepuluh bungkus dua ratus ribu
41.wav,jual antimo obat anti mabuk satu bungkus tujuh ribu
42.wav,jual antimo obat anti mabuk dua bungkus empat belas ribu
43.wav,jual antimo obat anti mabuk tiga bungkus dua puluh satu ribu
44.wav,jual antimo obat anti mabuk empat bungkus dua puluh delapan ribu
45.wav,jual antimo obat anti mabuk lima bungkus tiga puluh lima ribu
46.wav,jual antimo obat anti mabuk enam bungkus empat puluh dua ribu
47.wav,jual antimo obat anti mabuk tujuh bungkus empat puluh sembilan ribu
48.wav,jual antimo obat anti mabuk delapan bungkus lima puluh enam ribu
49.wav,jual antimo obat anti mabuk sembilan bungkus enam puluh tiga ribu
50.wav,jual antimo obat anti mabuk sepuluh bungkus tujuh puluh ribu
51.wav,jual aqua enam ratus mililiter satu bungkus empat ribu
52.wav,jual aqua enam ratus mililiter dua bungkus delapan ribu
53.wav,jual aqua enam ratus mililiter tiga bungkus dua belas ribu
54.wav,jual aqua enam ratus mililiter empat bungkus enam belas ribu
55.wav,jual aqua enam ratus mililiter lima bungkus dua puluh ribu
56.wav,jual aqua enam ratus mililiter enam bungkus dua puluh empat ribu
57.wav,jual aqua enam ratus mililiter tujuh bungkus dua puluh delapan ribu
58.wav,jual aqua enam ratus mililiter delapan bungkus tiga puluh dua ribu
59.wav,jual aqua enam ratus mililiter sembilan bungkus tiga puluh enam ribu
60.wav,jual aqua enam ratus mililiter sepuluh bungkus empat puluh ribu
61.wav,jual bango kecap manis seratus delapan puluh sembilan gram satu bungkus delapan belas ribu
62.wav,jual bango kecap manis seratus delapan puluh sembilan gram dua bungkus tiga puluh enam ribu
63.wav,jual bango kecap manis seratus delapan puluh sembilan gram tiga bungkus lima puluh empat ribu
64.wav,jual bango kecap manis seratus delapan puluh sembilan gram empat bungkus tujuh puluh dua ribu
65.wav,jual bango kecap manis seratus delapan puluh sembilan gram lima bungkus sembilan puluh ribu
66.wav,jual bango kecap manis seratus delapan puluh sembilan gram enam bungkus seratus delapan ribu
67.wav,jual bango kecap manis seratus delapan puluh sembilan gram tujuh bungkus seratus dua puluh enam ribu
68.wav,jual bango kecap manis seratus delapan puluh sembilan gram delapan bungkus seratus empat puluh empat ribu
69.wav,jual bango kecap manis seratus delapan puluh sembilan gram sembilan bungkus seratus enam puluh dua ribu
70.wav,jual bango kecap manis seratus delapan puluh sembilan gram sepuluh bungkus seratus delapan puluh ribu
71.wav,jual baygon obat nyamuk bakar satu bungkus tujuh ribu
72.wav,jual baygon obat nyamuk bakar dua bungkus empat belas ribu
73.wav,jual baygon obat nyamuk bakar tiga bungkus dua puluh satu ribu
74.wav,jual baygon obat nyamuk bakar empat bungkus dua puluh delapan ribu
75.wav,jual baygon obat nyamuk bakar lima bungkus tiga puluh lima ribu
76.wav,jual baygon obat nyamuk bakar enam bungkus empat puluh dua ribu
77.wav,jual baygon obat nyamuk bakar tujuh bungkus empat puluh sembilan ribu
78.wav,jual baygon obat nyamuk bakar delapan bungkus lima puluh enam ribu
79.wav,jual baygon obat nyamuk bakar sembilan bungkus enam puluh tiga ribu
80.wav,jual baygon obat nyamuk bakar sepuluh bungkus tujuh puluh ribu
81.wav,jual beras maknyuss lima kilogram satu bungkus enam puluh lima ribu
82.wav,jual beras maknyuss lima kilogram dua bungkus seratus tiga puluh ribu
83.wav,jual beras maknyuss lima kilogram tiga bungkus seratus sembilan puluh lima ribu
84.wav,jual beras maknyuss lima kilogram empat bungkus dua ratus enam puluh ribu
85.wav,jual beras maknyuss lima kilogram lima bungkus tiga ratus dua puluh lima ribu
86.wav,jual beras maknyuss lima kilogram enam bungkus tiga ratus sembilan puluh ribu
87.wav,jual beras maknyuss lima kilogram tujuh bungkus empat ratus lima puluh lima ribu
88.wav,jual beras maknyuss lima kilogram delapan bungkus lima ratus dua puluh ribu
89.wav,jual beras maknyuss lima kilogram sembilan bungkus lima ratus delapan puluh lima ribu
90.wav,jual beras maknyuss lima kilogram sepuluh bungkus enam ratus lima puluh ribu
91.wav,jual beras ramos super lima kilogram satu bungkus enam puluh lima ribu
92.wav,jual beras ramos super lima kilogram dua bungkus seratus tiga puluh ribu
93.wav,jual beras ramos super lima kilogram tiga bungkus seratus sembilan puluh lima ribu
94.wav,jual beras ramos super lima kilogram empat bungkus dua ratus enam puluh ribu
95.wav,jual beras ramos super lima kilogram lima bungkus tiga ratus dua puluh lima ribu
96.wav,jual beras ramos super lima kilogram enam bungkus tiga ratus sembilan puluh ribu
97.wav,jual beras ramos super lima kilogram tujuh bungkus empat ratus lima puluh lima ribu
98.wav,jual beras ramos super lima kilogram delapan bungkus lima ratus dua puluh ribu
99.wav,jual beras ramos super lima kilogram sembilan bungkus lima ratus delapan puluh lima ribu
100.wav,jual beras ramos super lima kilogram sepuluh bungkus enam ratus lima puluh ribu
101.wav,jual beras rojolele lima kilogram satu bungkus enam puluh lima ribu
102.wav,jual beras rojolele lima kilogram dua bungkus seratus tiga puluh ribu
103.wav,jual beras rojolele lima kilogram tiga bungkus seratus sembilan puluh lima ribu
104.wav,jual beras rojolele lima kilogram empat bungkus dua ratus enam puluh ribu
105.wav,jual beras rojolele lima kilogram lima bungkus tiga ratus dua puluh lima ribu
106.wav,jual beras rojolele lima kilogram enam bungkus tiga ratus sembilan puluh ribu
107.wav,jual beras rojolele lima kilogram tujuh bungkus empat ratus lima puluh lima ribu
108.wav,jual beras rojolele lima kilogram delapan bungkus lima ratus dua puluh ribu
109.wav,jual beras rojolele lima kilogram sembilan bungkus lima ratus delapan puluh lima ribu
110.wav,jual beras rojolele lima kilogram sepuluh bungkus enam ratus lima puluh ribu
111.wav,jual beras sania lima kilogram satu bungkus enam puluh lima ribu
112.wav,jual beras sania lima kilogram dua bungkus seratus tiga puluh ribu
113.wav,jual beras sania lima kilogram tiga bungkus seratus sembilan puluh lima ribu
114.wav,jual beras sania lima kilogram empat bungkus dua ratus enam puluh ribu
115.wav,jual beras sania lima kilogram lima bungkus tiga ratus dua puluh lima ribu
116.wav,jual beras sania lima kilogram enam bungkus tiga ratus sembilan puluh ribu
117.wav,jual beras sania lima kilogram tujuh bungkus empat ratus lima puluh lima ribu
118.wav,jual beras sania lima kilogram delapan bungkus lima ratus dua puluh ribu
119.wav,jual beras sania lima kilogram sembilan bungkus lima ratus delapan puluh lima ribu
120.wav,jual beras sania lima kilogram sepuluh bungkus enam ratus lima puluh ribu
121.wav,jual betadine obat luka lima gram satu bungkus dua puluh ribu
122.wav,jual betadine obat luka lima gram dua bungkus empat puluh ribu
123.wav,jual betadine obat luka lima gram tiga bungkus enam puluh ribu
124.wav,jual betadine obat luka lima gram empat bungkus delapan puluh ribu
125.wav,jual betadine obat luka lima gram lima bungkus seratus ribu
126.wav,jual betadine obat luka lima gram enam bungkus seratus dua puluh ribu
127.wav,jual betadine obat luka lima gram tujuh bungkus seratus empat puluh ribu
128.wav,jual betadine obat luka lima gram delapan bungkus seratus enam puluh ribu
129.wav,jual betadine obat luka lima gram sembilan bungkus seratus delapan puluh ribu
130.wav,jual betadine obat luka lima gram sepuluh bungkus dua ratus ribu
131.wav,jual bimoli minyak goreng dua liter satu bungkus tiga puluh tiga ribu
132.wav,jual bimoli minyak goreng dua liter dua bungkus enam puluh enam ribu
133.wav,jual bimoli minyak goreng dua liter tiga bungkus sembilan puluh sembilan ribu
134.wav,jual bimoli minyak goreng dua liter empat bungkus seratus tiga puluh dua ribu
135.wav,jual bimoli minyak goreng dua liter lima bungkus seratus enam puluh lima ribu
136.wav,jual bimoli minyak goreng dua liter enam bungkus seratus sembilan puluh delapan ribu
137.wav,jual bimoli minyak goreng dua liter tujuh bungkus dua ratus tiga puluh satu ribu
138.wav,jual bimoli minyak goreng dua liter delapan bungkus dua ratus enam puluh empat ribu
139.wav,jual bimoli minyak goreng dua liter sembilan bungkus dua ratus sembilan puluh tujuh ribu
140.wav,jual bimoli minyak goreng dua liter sepuluh bungkus tiga ratus tiga puluh ribu
141.wav,keluar buavita dua ratus lima puluh mililiter satu bungkus lima belas ribu
142.wav,keluar buavita dua ratus lima puluh mililiter dua bungkus tiga puluh ribu
143.wav,keluar buavita dua ratus lima puluh mililiter tiga bungkus empat puluh lima ribu
144.wav,keluar buavita dua ratus lima puluh mililiter empat bungkus enam puluh ribu
145.wav,keluar buavita dua ratus lima puluh mililiter lima bungkus tujuh puluh lima ribu
146.wav,keluar buavita dua ratus lima puluh mililiter enam bungkus sembilan puluh ribu
147.wav,keluar buavita dua ratus lima puluh mililiter tujuh bungkus seratus lima ribu
148.wav,keluar buavita dua ratus lima puluh mililiter delapan bungkus seratus dua puluh ribu
149.wav,keluar buavita dua ratus lima puluh mililiter sembilan bungkus seratus tiga puluh lima ribu
150.wav,keluar buavita dua ratus lima puluh mililiter sepuluh bungkus seratus lima puluh ribu
151.wav,jual clas mild satu bungkus tiga puluh delapan ribu
152.wav,jual clas mild dua bungkus tujuh puluh enam ribu
153.wav,jual clas mild tiga bungkus seratus empat belas ribu
154.wav,jual clas mild empat bungkus seratus lima puluh dua ribu
155.wav,jual clas mild lima bungkus seratus sembilan puluh ribu
156.wav,jual clas mild enam bungkus dua ratus dua puluh delapan ribu
157.wav,jual clas mild tujuh bungkus dua ratus enam puluh enam ribu
158.wav,jual clas mild delapan bungkus tiga ratus empat ribu
159.wav,jual clas mild sembilan bungkus tiga ratus empat puluh dua ribu
160.wav,jual clas mild sepuluh bungkus tiga ratus delapan puluh ribu
161.wav,laku coca cola satu liter satu bungkus lima belas ribu
162.wav,laku coca cola satu liter dua bungkus tiga puluh ribu
163.wav,laku coca cola satu liter tiga bungkus empat puluh lima ribu
164.wav,laku coca cola satu liter empat bungkus enam puluh ribu
165.wav,laku coca cola satu liter lima bungkus tujuh puluh lima ribu
166.wav,laku coca cola satu liter enam bungkus sembilan puluh ribu
167.wav,laku coca cola satu liter tujuh bungkus seratus lima ribu
168.wav,laku coca cola satu liter delapan bungkus seratus dua puluh ribu
169.wav,laku coca cola satu liter sembilan bungkus seratus tiga puluh lima ribu
170.wav,laku coca cola satu liter sepuluh bungkus seratus lima puluh ribu
171.wav,laku cotton bud satu bungkus tujuh ribu lima ratus
172.wav,laku cotton bud dua bungkus lima belas ribu
173.wav,laku cotton bud tiga bungkus dua puluh dua ribu lima ratus
174.wav,laku cotton bud empat bungkus tiga puluh ribu
175.wav,laku cotton bud lima bungkus tiga puluh tujuh ribu lima ratus
176.wav,laku cotton bud enam bungkus empat puluh lima ribu
177.wav,laku cotton bud tujuh bungkus lima puluh dua ribu lima ratus
178.wav,laku cotton bud delapan bungkus enam puluh ribu
179.wav,laku cotton bud sembilan bungkus enam puluh tujuh ribu lima ratus
180.wav,laku cotton bud sepuluh bungkus tujuh puluh lima ribu
181.wav,keluar dettol body wash dua ratus mililiter satu bungkus dua puluh lima ribu
182.wav,keluar dettol body wash dua ratus mililiter dua bungkus lima puluh ribu
183.wav,keluar dettol body wash dua ratus mililiter tiga bungkus tujuh puluh lima ribu
184.wav,keluar dettol body wash dua ratus mililiter empat bungkus seratus ribu
185.wav,keluar dettol body wash dua ratus mililiter lima bungkus seratus dua puluh lima ribu
186.wav,keluar dettol body wash dua ratus mililiter enam bungkus seratus lima puluh ribu
187.wav,keluar dettol body wash dua ratus mililiter tujuh bungkus seratus tujuh puluh lima ribu
188.wav,keluar dettol body wash dua ratus mililiter delapan bungkus dua ratus ribu
189.wav,keluar dettol body wash dua ratus mililiter sembilan bungkus dua ratus dua puluh lima ribu
190.wav,keluar dettol body wash dua ratus mililiter sepuluh bungkus dua ratus lima puluh ribu
191.wav,jual diapet satu bungkus delapan ribu lima ratus
192.wav,jual diapet dua bungkus tujuh belas ribu
193.wav,jual diapet tiga bungkus dua puluh lima ribu lima ratus
194.wav,jual diapet empat bungkus tiga puluh empat ribu
195.wav,jual diapet lima bungkus empat puluh dua ribu lima ratus
196.wav,jual diapet enam bungkus lima puluh satu ribu
197.wav,jual diapet tujuh bungkus lima puluh sembilan ribu lima ratus
198.wav,jual diapet delapan bungkus enam puluh delapan ribu
199.wav,jual diapet sembilan bungkus tujuh puluh enam ribu lima ratus
200.wav,jual diapet sepuluh bungkus delapan puluh lima ribu
201.wav,jual downy pewangi lima ratus lima puluh mililiter satu bungkus dua puluh lima ribu
202.wav,jual downy pewangi lima ratus lima puluh mililiter dua bungkus lima puluh ribu
203.wav,jual downy pewangi lima ratus lima puluh mililiter tiga bungkus tujuh puluh lima ribu
204.wav,jual downy pewangi lima ratus lima puluh mililiter empat bungkus seratus ribu
205.wav,jual downy pewangi lima ratus lima puluh mililiter lima bungkus seratus dua puluh lima ribu
206.wav,jual downy pewangi lima ratus lima puluh mililiter enam bungkus seratus lima puluh ribu
207.wav,jual downy pewangi lima ratus lima puluh mililiter tujuh bungkus seratus tujuh puluh lima ribu
208.wav,jual downy pewangi lima ratus lima puluh mililiter delapan bungkus dua ratus ribu
209.wav,jual downy pewangi lima ratus lima puluh mililiter sembilan bungkus dua ratus dua puluh lima ribu
210.wav,jual downy pewangi lima ratus lima puluh mililiter sepuluh bungkus dua ratus lima puluh ribu
211.wav,laku dua kelinci kacang satu bungkus dua belas ribu
212.wav,laku dua kelinci kacang dua bungkus dua puluh empat ribu
213.wav,laku dua kelinci kacang tiga bungkus tiga puluh enam ribu
214.wav,laku dua kelinci kacang empat bungkus empat puluh delapan ribu
215.wav,laku dua kelinci kacang lima bungkus enam puluh ribu
216.wav,laku dua kelinci kacang enam bungkus tujuh puluh dua ribu
217.wav,laku dua kelinci kacang tujuh bungkus delapan puluh empat ribu
218.wav,laku dua kelinci kacang delapan bungkus sembilan puluh enam ribu
219.wav,laku dua kelinci kacang sembilan bungkus seratus delapan ribu
220.wav,laku dua kelinci kacang sepuluh bungkus seratus dua puluh ribu
221.wav,keluar enervon c vitamin satu bungkus tujuh ribu
222.wav,keluar enervon c vitamin dua bungkus empat belas ribu
223.wav,keluar enervon c vitamin tiga bungkus dua puluh satu ribu
224.wav,keluar enervon c vitamin empat bungkus dua puluh delapan ribu
225.wav,keluar enervon c vitamin lima bungkus tiga puluh lima ribu
226.wav,keluar enervon c vitamin enam bungkus empat puluh dua ribu
227.wav,keluar enervon c vitamin tujuh bungkus empat puluh sembilan ribu
228.wav,keluar enervon c vitamin delapan bungkus lima puluh enam ribu
229.wav,keluar enervon c vitamin sembilan bungkus enam puluh tiga ribu
230.wav,keluar enervon c vitamin sepuluh bungkus tujuh puluh ribu
231.wav,jual esse change satu bungkus tiga puluh delapan ribu
232.wav,jual esse change dua bungkus tujuh puluh enam ribu
233.wav,jual esse change tiga bungkus seratus empat belas ribu
234.wav,jual esse change empat bungkus seratus lima puluh dua ribu
235.wav,jual esse change lima bungkus seratus sembilan puluh ribu
236.wav,jual esse change enam bungkus dua ratus dua puluh delapan ribu
237.wav,jual esse change tujuh bungkus dua ratus enam puluh enam ribu
238.wav,jual esse change delapan bungkus tiga ratus empat ribu
239.wav,jual esse change sembilan bungkus tiga ratus empat puluh dua ribu
240.wav,jual esse change sepuluh bungkus tiga ratus delapan puluh ribu
241.wav,laku evangeline parfume seratus mililiter satu bungkus tiga puluh tiga ribu
242.wav,laku evangeline parfume seratus mililiter dua bungkus enam puluh enam ribu
243.wav,laku evangeline parfume seratus mililiter tiga bungkus sembilan puluh sembilan ribu
244.wav,laku evangeline parfume seratus mililiter empat bungkus seratus tiga puluh dua ribu
245.wav,laku evangeline parfume seratus mililiter lima bungkus seratus enam puluh lima ribu
246.wav,laku evangeline parfume seratus mililiter enam bungkus seratus sembilan puluh delapan ribu
247.wav,laku evangeline parfume seratus mililiter tujuh bungkus dua ratus tiga puluh satu ribu
248.wav,laku evangeline parfume seratus mililiter delapan bungkus dua ratus enam puluh empat ribu
249.wav,laku evangeline parfume seratus mililiter sembilan bungkus dua ratus sembilan puluh tujuh ribu
250.wav,laku evangeline parfume seratus mililiter sepuluh bungkus tiga ratus tiga puluh ribu
251.wav,jual fanta satu liter satu bungkus lima belas ribu
252.wav,jual fanta satu liter dua bungkus tiga puluh ribu
253.wav,jual fanta satu liter tiga bungkus empat puluh lima ribu
254.wav,jual fanta satu liter empat bungkus enam puluh ribu
255.wav,jual fanta satu liter lima bungkus tujuh puluh lima ribu
256.wav,jual fanta satu liter enam bungkus sembilan puluh ribu
257.wav,jual fanta satu liter tujuh bungkus seratus lima ribu
258.wav,jual fanta satu liter delapan bungkus seratus dua puluh ribu
259.wav,jual fanta satu liter sembilan bungkus seratus tiga puluh lima ribu
260.wav,jual fanta satu liter sepuluh bungkus seratus lima puluh ribu
261.wav,jual floridina tiga ratus lima puluh mililiter satu bungkus empat ribu
262.wav,jual floridina tiga ratus lima puluh mililiter dua bungkus delapan ribu
263.wav,jual floridina tiga ratus lima puluh mililiter tiga bungkus dua belas ribu
264.wav,jual floridina tiga ratus lima puluh mililiter empat bungkus enam belas ribu
265.wav,jual floridina tiga ratus lima puluh mililiter lima bungkus dua puluh ribu
266.wav,jual floridina tiga ratus lima puluh mililiter enam bungkus dua puluh empat ribu
267.wav,jual floridina tiga ratus lima puluh mililiter tujuh bungkus dua puluh delapan ribu
268.wav,jual floridina tiga ratus lima puluh mililiter delapan bungkus tiga puluh dua ribu
269.wav,jual floridina tiga ratus lima puluh mililiter sembilan bungkus tiga puluh enam ribu
270.wav,jual floridina tiga ratus lima puluh mililiter sepuluh bungkus empat puluh ribu
271.wav,jual forvita margarin dua ratus lima puluh gram satu bungkus lima belas ribu
272.wav,jual forvita margarin dua ratus lima puluh gram dua bungkus tiga puluh ribu
273.wav,jual forvita margarin dua ratus lima puluh gram tiga bungkus empat puluh lima ribu
274.wav,jual forvita margarin dua ratus lima puluh gram empat bungkus enam puluh ribu
275.wav,jual forvita margarin dua ratus lima puluh gram lima bungkus tujuh puluh lima ribu
276.wav,jual forvita margarin dua ratus lima puluh gram enam bungkus sembilan puluh ribu
277.wav,jual forvita margarin dua ratus lima puluh gram tujuh bungkus seratus lima ribu
278.wav,jual forvita margarin dua ratus lima puluh gram delapan bungkus seratus dua puluh ribu
279.wav,jual forvita margarin dua ratus lima puluh gram sembilan bungkus seratus tiga puluh lima ribu
280.wav,jual forvita margarin dua ratus lima puluh gram sepuluh bungkus seratus lima puluh ribu
281.wav,jual formula sikat gigi satu bungkus lima belas ribu
282.wav,jual formula sikat gigi dua bungkus tiga puluh ribu
283.wav,jual formula sikat gigi tiga bungkus empat puluh lima ribu
284.wav,jual formula sikat gigi empat bungkus enam puluh ribu
285.wav,jual formula sikat gigi lima bungkus tujuh puluh lima ribu
286.wav,jual formula sikat gigi enam bungkus sembilan puluh ribu
287.wav,jual formula sikat gigi tujuh bungkus seratus lima ribu
288.wav,jual formula sikat gigi delapan bungkus seratus dua puluh ribu
289.wav,jual formula sikat gigi sembilan bungkus seratus tiga puluh lima ribu
290.wav,jual formula sikat gigi sepuluh bungkus seratus lima puluh ribu
291.wav,jual frisian flag susu kental manis satu bungkus sepuluh ribu
292.wav,jual frisian flag susu kental manis dua bungkus dua puluh ribu
293.wav,jual frisian flag susu kental manis tiga bungkus tiga puluh ribu
294.wav,jual frisian flag susu kental manis empat bungkus empat puluh ribu
295.wav,jual frisian flag susu kental manis lima bungkus lima puluh ribu
296.wav,jual frisian flag susu kental manis enam bungkus enam puluh ribu
297.wav,jual frisian flag susu kental manis tujuh bungkus tujuh puluh ribu
298.wav,jual frisian flag susu kental manis delapan bungkus delapan puluh ribu
299.wav,jual frisian flag susu kental manis sembilan bungkus sembilan puluh ribu
300.wav,jual frisian flag susu kental manis sepuluh bungkus seratus ribu
301.wav,jual gaga seratus habanero satu bungkus empat ribu dua ratus
302.wav,jual gaga seratus habanero dua bungkus delapan ribu empat ratus
303.wav,jual gaga seratus habanero tiga bungkus dua belas ribu enam ratus
304.wav,jual gaga seratus habanero empat bungkus enam belas ribu delapan ratus
305.wav,jual gaga seratus habanero lima bungkus dua puluh satu ribu
306.wav,jual gaga seratus habanero enam bungkus dua puluh lima ribu dua ratus
307.wav,jual gaga seratus habanero tujuh bungkus dua puluh sembilan ribu empat ratus
308.wav,jual gaga seratus habanero delapan bungkus tiga puluh tiga ribu enam ratus
309.wav,jual gaga seratus habanero sembilan bungkus tiga puluh tujuh ribu delapan ratus
310.wav,jual gaga seratus habanero sepuluh bungkus empat puluh dua ribu
311.wav,jual gaga seratus jalapeno satu bungkus empat ribu dua ratus
312.wav,jual gaga seratus jalapeno dua bungkus delapan ribu empat ratus
313.wav,jual gaga seratus jalapeno tiga bungkus dua belas ribu enam ratus
314.wav,jual gaga seratus jalapeno empat bungkus enam belas ribu delapan ratus
315.wav,jual gaga seratus jalapeno lima bungkus dua puluh satu ribu
316.wav,jual gaga seratus jalapeno enam bungkus dua puluh lima ribu dua ratus
317.wav,jual gaga seratus jalapeno tujuh bungkus dua puluh sembilan ribu empat ratus
318.wav,jual gaga seratus jalapeno delapan bungkus tiga puluh tiga ribu enam ratus
319.wav,jual gaga seratus jalapeno sembilan bungkus tiga puluh tujuh ribu delapan ratus
320.wav,jual gaga seratus jalapeno sepuluh bungkus empat puluh dua ribu
321.wav,jual gaga seratus lada hitam satu bungkus empat ribu dua ratus
322.wav,jual gaga seratus lada hitam dua bungkus delapan ribu empat ratus
323.wav,jual gaga seratus lada hitam tiga bungkus dua belas ribu enam ratus
324.wav,jual gaga seratus lada hitam empat bungkus enam belas ribu delapan ratus
325.wav,jual gaga seratus lada hitam lima bungkus dua puluh satu ribu
326.wav,jual gaga seratus lada hitam enam bungkus dua puluh lima ribu dua ratus
327.wav,jual gaga seratus lada hitam tujuh bungkus dua puluh sembilan ribu empat ratus
328.wav,jual gaga seratus lada hitam delapan bungkus tiga puluh tiga ribu enam ratus
329.wav,jual gaga seratus lada hitam sembilan bungkus tiga puluh tujuh ribu delapan ratus
330.wav,jual gaga seratus lada hitam sepuluh bungkus empat puluh dua ribu
331.wav,jual gajah kopi tubruk satu bungkus dua belas ribu
332.wav,jual gajah kopi tubruk dua bungkus dua puluh empat ribu
333.wav,jual gajah kopi tubruk tiga bungkus tiga puluh enam ribu
334.wav,jual gajah kopi tubruk empat bungkus empat puluh delapan ribu
335.wav,jual gajah kopi tubruk lima bungkus enam puluh ribu
336.wav,jual gajah kopi tubruk enam bungkus tujuh puluh dua ribu
337.wav,jual gajah kopi tubruk tujuh bungkus delapan puluh empat ribu
338.wav,jual gajah kopi tubruk delapan bungkus sembilan puluh enam ribu
339.wav,jual gajah kopi tubruk sembilan bungkus seratus delapan ribu
340.wav,jual gajah kopi tubruk sepuluh bungkus seratus dua puluh ribu
341.wav,jual garam dapur satu bungkus lima ribu
342.wav,jual garam dapur dua bungkus sepuluh ribu
343.wav,jual garam dapur tiga bungkus lima belas ribu
344.wav,jual garam dapur empat bungkus dua puluh ribu
345.wav,jual garam dapur lima bungkus dua puluh lima ribu
346.wav,jual garam dapur enam bungkus tiga puluh ribu
347.wav,jual garam dapur tujuh bungkus tiga puluh lima ribu
348.wav,jual garam dapur delapan bungkus empat puluh ribu
349.wav,jual garam dapur sembilan bungkus empat puluh lima ribu
350.wav,jual garam dapur sepuluh bungkus lima puluh ribu
351.wav,jual glad two glow moisturizer satu bungkus empat puluh lima ribu
352.wav,jual glad two glow moisturizer dua bungkus sembilan puluh ribu
353.wav,jual glad two glow moisturizer tiga bungkus seratus tiga puluh lima ribu
354.wav,jual glad two glow moisturizer empat bungkus seratus delapan puluh ribu
355.wav,jual glad two glow moisturizer lima bungkus dua ratus dua puluh lima ribu
356.wav,jual glad two glow moisturizer enam bungkus dua ratus tujuh puluh ribu
357.wav,jual glad two glow moisturizer tujuh bungkus tiga ratus lima belas ribu
358.wav,jual glad two glow moisturizer delapan bungkus tiga ratus enam puluh ribu
359.wav,jual glad two glow moisturizer sembilan bungkus empat ratus lima ribu
360.wav,jual glad two glow moisturizer sepuluh bungkus empat ratus lima puluh ribu
361.wav,jual gula pasir tiga kilogram satu bungkus enam puluh lima ribu
362.wav,jual gula pasir tiga kilogram dua bungkus seratus tiga puluh ribu
363.wav,jual gula pasir tiga kilogram tiga bungkus seratus sembilan puluh lima ribu
364.wav,jual gula pasir tiga kilogram empat bungkus dua ratus enam puluh ribu
365.wav,jual gula pasir tiga kilogram lima bungkus tiga ratus dua puluh lima ribu
366.wav,jual gula pasir tiga kilogram enam bungkus tiga ratus sembilan puluh ribu
367.wav,jual gula pasir tiga kilogram tujuh bungkus empat ratus lima puluh lima ribu
368.wav,jual gula pasir tiga kilogram delapan bungkus lima ratus dua puluh ribu
369.wav,jual gula pasir tiga kilogram sembilan bungkus lima ratus delapan puluh lima ribu
370.wav,jual gula pasir tiga kilogram sepuluh bungkus enam ratus lima puluh ribu
371.wav,jual hadalabo face wash lima puluh gram satu bungkus tiga puluh tiga ribu
372.wav,jual hadalabo face wash lima puluh gram dua bungkus enam puluh enam ribu
373.wav,jual hadalabo face wash lima puluh gram tiga bungkus sembilan puluh sembilan ribu
374.wav,jual hadalabo face wash lima puluh gram empat bungkus seratus tiga puluh dua ribu
375.wav,jual hadalabo face wash lima puluh gram lima bungkus seratus enam puluh lima ribu
376.wav,jual hadalabo face wash lima puluh gram enam bungkus seratus sembilan puluh delapan ribu
377.wav,jual hadalabo face wash lima puluh gram tujuh bungkus dua ratus tiga puluh satu ribu
378.wav,jual hadalabo face wash lima puluh gram delapan bungkus dua ratus enam puluh empat ribu
379.wav,jual hadalabo face wash lima puluh gram sembilan bungkus dua ratus sembilan puluh tujuh ribu
380.wav,jual hadalabo face wash lima puluh gram sepuluh bungkus tiga ratus tiga puluh ribu
381.wav,jual hanasui masker wajah satu bungkus dua puluh ribu
382.wav,jual hanasui masker wajah dua bungkus empat puluh ribu
383.wav,jual hanasui masker wajah tiga bungkus enam puluh ribu
384.wav,jual hanasui masker wajah empat bungkus delapan puluh ribu
385.wav,jual hanasui masker wajah lima bungkus seratus ribu
386.wav,jual hanasui masker wajah enam bungkus seratus dua puluh ribu
387.wav,jual hanasui masker wajah tujuh bungkus seratus empat puluh ribu
388.wav,jual hanasui masker wajah delapan bungkus seratus enam puluh ribu
389.wav,jual hanasui masker wajah sembilan bungkus seratus delapan puluh ribu
390.wav,jual hanasui masker wajah sepuluh bungkus dua ratus ribu
391.wav,jual hatari malkist dua ratus enam puluh gram satu bungkus sepuluh ribu
392.wav,jual hatari malkist dua ratus enam puluh gram dua bungkus dua puluh ribu
393.wav,jual hatari malkist dua ratus enam puluh gram tiga bungkus tiga puluh ribu
394.wav,jual hatari malkist dua ratus enam puluh gram empat bungkus empat puluh ribu
395.wav,jual hatari malkist dua ratus enam puluh gram lima bungkus lima puluh ribu
396.wav,jual hatari malkist dua ratus enam puluh gram enam bungkus enam puluh ribu
397.wav,jual hatari malkist dua ratus enam puluh gram tujuh bungkus tujuh puluh ribu
398.wav,jual hatari malkist dua ratus enam puluh gram delapan bungkus delapan puluh ribu
399.wav,jual hatari malkist dua ratus enam puluh gram sembilan bungkus sembilan puluh ribu
400.wav,jual hatari malkist dua ratus enam puluh gram sepuluh bungkus seratus ribu
401.wav,jual hit magic obat nyamuk bakar satu bungkus delapan ribu lima ratus
402.wav,jual hit magic obat nyamuk bakar dua bungkus tujuh belas ribu
403.wav,jual hit magic obat nyamuk bakar tiga bungkus dua puluh lima ribu lima ratus
404.wav,jual hit magic obat nyamuk bakar empat bungkus tiga puluh empat ribu
405.wav,jual hit magic obat nyamuk bakar lima bungkus empat puluh dua ribu lima ratus
406.wav,jual hit magic obat nyamuk bakar enam bungkus lima puluh satu ribu
407.wav,jual hit magic obat nyamuk bakar tujuh bungkus lima puluh sembilan ribu lima ratus
408.wav,jual hit magic obat nyamuk bakar delapan bungkus enam puluh delapan ribu
409.wav,jual hit magic obat nyamuk bakar sembilan bungkus tujuh puluh enam ribu lima ratus
410.wav,jual hit magic obat nyamuk bakar sepuluh bungkus delapan puluh lima ribu
411.wav,jual hs rokok filter satu bungkus tiga puluh delapan ribu
412.wav,jual hs rokok filter dua bungkus tujuh puluh enam ribu
413.wav,jual hs rokok filter tiga bungkus seratus empat belas ribu
414.wav,jual hs rokok filter empat bungkus seratus lima puluh dua ribu
415.wav,jual hs rokok filter lima bungkus seratus sembilan puluh ribu
416.wav,jual hs rokok filter enam bungkus dua ratus dua puluh delapan ribu
417.wav,jual hs rokok filter tujuh bungkus dua ratus enam puluh enam ribu
418.wav,jual hs rokok filter delapan bungkus tiga ratus empat ribu
419.wav,jual hs rokok filter sembilan bungkus tiga ratus empat puluh dua ribu
420.wav,jual hs rokok filter sepuluh bungkus tiga ratus delapan puluh ribu
421.wav,jual implora moisturizer satu bungkus dua puluh ribu
422.wav,jual implora moisturizer dua bungkus empat puluh ribu
423.wav,jual implora moisturizer tiga bungkus enam puluh ribu
424.wav,jual implora moisturizer empat bungkus delapan puluh ribu
425.wav,jual implora moisturizer lima bungkus seratus ribu
426.wav,jual implora moisturizer enam bungkus seratus dua puluh ribu
427.wav,jual implora moisturizer tujuh bungkus seratus empat puluh ribu
428.wav,jual implora moisturizer delapan bungkus seratus enam puluh ribu
429.wav,jual implora moisturizer sembilan bungkus seratus delapan puluh ribu
430.wav,jual implora moisturizer sepuluh bungkus dua ratus ribu
431.wav,jual indofood saus tomat tiga ratus tiga puluh lima mililiter satu bungkus delapan belas ribu
432.wav,jual indofood saus tomat tiga ratus tiga puluh lima mililiter dua bungkus tiga puluh enam ribu
433.wav,jual indofood saus tomat tiga ratus tiga puluh lima mililiter tiga bungkus lima puluh empat ribu
434.wav,jual indofood saus tomat tiga ratus tiga puluh lima mililiter empat bungkus tujuh puluh dua ribu
435.wav,jual indofood saus tomat tiga ratus tiga puluh lima mililiter lima bungkus sembilan puluh ribu
436.wav,jual indofood saus tomat tiga ratus tiga puluh lima mililiter enam bungkus seratus delapan ribu
437.wav,jual indofood saus tomat tiga ratus tiga puluh lima mililiter tujuh bungkus seratus dua puluh enam ribu
438.wav,jual indofood saus tomat tiga ratus tiga puluh lima mililiter delapan bungkus seratus empat puluh empat ribu
439.wav,jual indofood saus tomat tiga ratus tiga puluh lima mililiter sembilan bungkus seratus enam puluh dua ribu
440.wav,jual indofood saus tomat tiga ratus tiga puluh lima mililiter sepuluh bungkus seratus delapan puluh ribu
441.wav,jual indomie goreng satu bungkus empat ribu dua ratus
442.wav,jual indomie goreng dua bungkus delapan ribu empat ratus
443.wav,jual indomie goreng tiga bungkus dua belas ribu enam ratus
444.wav,jual indomie goreng empat bungkus enam belas ribu delapan ratus
445.wav,jual indomie goreng lima bungkus dua puluh satu ribu
446.wav,jual indomie goreng enam bungkus dua puluh lima ribu dua ratus
447.wav,jual indomie goreng tujuh bungkus dua puluh sembilan ribu empat ratus
448.wav,jual indomie goreng delapan bungkus tiga puluh tiga ribu enam ratus
449.wav,jual indomie goreng sembilan bungkus tiga puluh tujuh ribu delapan ratus
450.wav,jual indomie goreng sepuluh bungkus empat puluh dua ribu
451.wav,jual indomie rendang satu bungkus empat ribu dua ratus
452.wav,jual indomie rendang dua bungkus delapan ribu empat ratus
453.wav,jual indomie rendang tiga bungkus dua belas ribu enam ratus
454.wav,jual indomie rendang empat bungkus enam belas ribu delapan ratus
455.wav,jual indomie rendang lima bungkus dua puluh satu ribu
456.wav,jual indomie rendang enam bungkus dua puluh lima ribu dua ratus
457.wav,jual indomie rendang tujuh bungkus dua puluh sembilan ribu empat ratus
458.wav,jual indomie rendang delapan bungkus tiga puluh tiga ribu enam ratus
459.wav,jual indomie rendang sembilan bungkus tiga puluh tujuh ribu delapan ratus
460.wav,jual indomie rendang sepuluh bungkus empat puluh dua ribu
461.wav,jual indomie soto satu bungkus empat ribu dua ratus
462.wav,jual indomie soto dua bungkus delapan ribu empat ratus
463.wav,jual indomie soto tiga bungkus dua belas ribu enam ratus
464.wav,jual indomie soto empat bungkus enam belas ribu delapan ratus
465.wav,jual indomie soto lima bungkus dua puluh satu ribu
466.wav,jual indomie soto enam bungkus dua puluh lima ribu dua ratus
467.wav,jual indomie soto tujuh bungkus dua puluh sembilan ribu empat ratus
468.wav,jual indomie soto delapan bungkus tiga puluh tiga ribu enam ratus
469.wav,jual indomie soto sembilan bungkus tiga puluh tujuh ribu delapan ratus
470.wav,jual indomie soto sepuluh bungkus empat puluh dua ribu
471.wav,jual indomilk uht cokelat satu liter satu bungkus lima belas ribu
472.wav,jual indomilk uht cokelat satu liter dua bungkus tiga puluh ribu
473.wav,jual indomilk uht cokelat satu liter tiga bungkus empat puluh lima ribu
474.wav,jual indomilk uht cokelat satu liter empat bungkus enam puluh ribu
475.wav,jual indomilk uht cokelat satu liter lima bungkus tujuh puluh lima ribu
476.wav,jual indomilk uht cokelat satu liter enam bungkus sembilan puluh ribu
477.wav,jual indomilk uht cokelat satu liter tujuh bungkus seratus lima ribu
478.wav,jual indomilk uht cokelat satu liter delapan bungkus seratus dua puluh ribu
479.wav,jual indomilk uht cokelat satu liter sembilan bungkus seratus tiga puluh lima ribu
480.wav,jual indomilk uht cokelat satu liter sepuluh bungkus seratus lima puluh ribu
481.wav,jual indomilk uht full cream satu liter satu bungkus lima belas ribu
482.wav,jual indomilk uht full cream satu liter dua bungkus tiga puluh ribu
483.wav,jual indomilk uht full cream satu liter tiga bungkus empat puluh lima ribu
484.wav,jual indomilk uht full cream satu liter empat bungkus enam puluh ribu
485.wav,jual indomilk uht full cream satu liter lima bungkus tujuh puluh lima ribu
486.wav,jual indomilk uht full cream satu liter enam bungkus sembilan puluh ribu
487.wav,jual indomilk uht full cream satu liter tujuh bungkus seratus lima ribu
488.wav,jual indomilk uht full cream satu liter delapan bungkus seratus dua puluh ribu
489.wav,jual indomilk uht full cream satu liter sembilan bungkus seratus tiga puluh lima ribu
490.wav,jual indomilk uht full cream satu liter sepuluh bungkus seratus lima puluh ribu
491.wav,jual kaki tiga larutan lima ratus mililiter satu bungkus delapan ribu lima ratus
492.wav,jual kaki tiga larutan lima ratus mililiter dua bungkus tujuh belas ribu
493.wav,jual kaki tiga larutan lima ratus mililiter tiga bungkus dua puluh lima ribu lima ratus
494.wav,jual kaki tiga larutan lima ratus mililiter empat bungkus tiga puluh empat ribu
495.wav,jual kaki tiga larutan lima ratus mililiter lima bungkus empat puluh dua ribu lima ratus
496.wav,jual kaki tiga larutan lima ratus mililiter enam bungkus lima puluh satu ribu
497.wav,jual kaki tiga larutan lima ratus mililiter tujuh bungkus lima puluh sembilan ribu lima ratus
498.wav,jual kaki tiga larutan lima ratus mililiter delapan bungkus enam puluh delapan ribu
499.wav,jual kaki tiga larutan lima ratus mililiter sembilan bungkus tujuh puluh enam ribu lima ratus
500.wav,jual kaki tiga larutan lima ratus mililiter sepuluh bungkus delapan puluh lima ribu
501.wav,jual kanzler singles sosis satu bungkus sepuluh ribu
502.wav,jual kanzler singles sosis dua bungkus dua puluh ribu
503.wav,jual kanzler singles sosis tiga bungkus tiga puluh ribu
504.wav,jual kanzler singles sosis empat bungkus empat puluh ribu
505.wav,jual kanzler singles sosis lima bungkus lima puluh ribu
506.wav,jual kanzler singles sosis enam bungkus enam puluh ribu
507.wav,jual kanzler singles sosis tujuh bungkus tujuh puluh ribu
508.wav,jual kanzler singles sosis delapan bungkus delapan puluh ribu
509.wav,jual kanzler singles sosis sembilan bungkus sembilan puluh ribu
510.wav,jual kanzler singles sosis sepuluh bungkus seratus ribu
511.wav,jual kiranti pegel linu satu bungkus tujuh ribu
512.wav,jual kiranti pegel linu dua bungkus empat belas ribu
513.wav,jual kiranti pegel linu tiga bungkus dua puluh satu ribu
514.wav,jual kiranti pegel linu empat bungkus dua puluh delapan ribu
515.wav,jual kiranti pegel linu lima bungkus tiga puluh lima ribu
516.wav,jual kiranti pegel linu enam bungkus empat puluh dua ribu
517.wav,jual kiranti pegel linu tujuh bungkus empat puluh sembilan ribu
518.wav,jual kiranti pegel linu delapan bungkus lima puluh enam ribu
519.wav,jual kiranti pegel linu sembilan bungkus enam puluh tiga ribu
520.wav,jual kiranti pegel linu sepuluh bungkus tujuh puluh ribu
521.wav,jual kobe tepung roti dua ratus gram satu bungkus lima belas ribu
522.wav,jual kobe tepung roti dua ratus gram dua bungkus tiga puluh ribu
523.wav,jual kobe tepung roti dua ratus gram tiga bungkus empat puluh lima ribu
524.wav,jual kobe tepung roti dua ratus gram empat bungkus enam puluh ribu
525.wav,jual kobe tepung roti dua ratus gram lima bungkus tujuh puluh lima ribu
526.wav,jual kobe tepung roti dua ratus gram enam bungkus sembilan puluh ribu
527.wav,jual kobe tepung roti dua ratus gram tujuh bungkus seratus lima ribu
528.wav,jual kobe tepung roti dua ratus gram delapan bungkus seratus dua puluh ribu
529.wav,jual kobe tepung roti dua ratus gram sembilan bungkus seratus tiga puluh lima ribu
530.wav,jual kobe tepung roti dua ratus gram sepuluh bungkus seratus lima puluh ribu
531.wav,jual koko crunch satu bungkus empat puluh lima ribu
532.wav,jual koko crunch dua bungkus sembilan puluh ribu
533.wav,jual koko crunch tiga bungkus seratus tiga puluh lima ribu
534.wav,jual koko crunch empat bungkus seratus delapan puluh ribu
535.wav,jual koko crunch lima bungkus dua ratus dua puluh lima ribu
536.wav,jual koko crunch enam bungkus dua ratus tujuh puluh ribu
537.wav,jual koko crunch tujuh bungkus tiga ratus lima belas ribu
538.wav,jual koko crunch delapan bungkus tiga ratus enam puluh ribu
539.wav,jual koko crunch sembilan bungkus empat ratus lima ribu
540.wav,jual koko crunch sepuluh bungkus empat ratus lima puluh ribu
541.wav,jual konidin obh satu bungkus tujuh ribu
542.wav,jual konidin obh dua bungkus empat belas ribu
543.wav,jual konidin obh tiga bungkus dua puluh satu ribu
544.wav,jual konidin obh empat bungkus dua puluh delapan ribu
545.wav,jual konidin obh lima bungkus tiga puluh lima ribu
546.wav,jual konidin obh enam bungkus empat puluh dua ribu
547.wav,jual konidin obh tujuh bungkus empat puluh sembilan ribu
548.wav,jual konidin obh delapan bungkus lima puluh enam ribu
549.wav,jual konidin obh sembilan bungkus enam puluh tiga ribu
550.wav,jual konidin obh sepuluh bungkus tujuh puluh ribu
551.wav,laku kool fever satu bungkus delapan ribu lima ratus
552.wav,laku kool fever dua bungkus tujuh belas ribu
553.wav,laku kool fever tiga bungkus dua puluh lima ribu lima ratus
554.wav,laku kool fever empat bungkus tiga puluh empat ribu
555.wav,laku kool fever lima bungkus empat puluh dua ribu lima ratus
556.wav,laku kool fever enam bungkus lima puluh satu ribu
557.wav,laku kool fever tujuh bungkus lima puluh sembilan ribu lima ratus
558.wav,laku kool fever delapan bungkus enam puluh delapan ribu
559.wav,laku kool fever sembilan bungkus tujuh puluh enam ribu lima ratus
560.wav,laku kool fever sepuluh bungkus delapan puluh lima ribu
561.wav,keluar la ice satu bungkus tiga puluh delapan ribu
562.wav,keluar la ice dua bungkus tujuh puluh enam ribu
563.wav,keluar la ice tiga bungkus seratus empat belas ribu
564.wav,keluar la ice empat bungkus seratus lima puluh dua ribu
565.wav,keluar la ice lima bungkus seratus sembilan puluh ribu
566.wav,keluar la ice enam bungkus dua ratus dua puluh delapan ribu
567.wav,keluar la ice tujuh bungkus dua ratus enam puluh enam ribu
568.wav,keluar la ice delapan bungkus tiga ratus empat ribu
569.wav,keluar la ice sembilan bungkus tiga ratus empat puluh dua ribu
570.wav,keluar la ice sepuluh bungkus tiga ratus delapan puluh ribu
571.wav,laku le minerale enam ratus mililiter satu bungkus empat ribu
572.wav,laku le minerale enam ratus mililiter dua bungkus delapan ribu
573.wav,laku le minerale enam ratus mililiter tiga bungkus dua belas ribu
574.wav,laku le minerale enam ratus mililiter empat bungkus enam belas ribu
575.wav,laku le minerale enam ratus mililiter lima bungkus dua puluh ribu
576.wav,laku le minerale enam ratus mililiter enam bungkus dua puluh empat ribu
577.wav,laku le minerale enam ratus mililiter tujuh bungkus dua puluh delapan ribu
578.wav,laku le minerale enam ratus mililiter delapan bungkus tiga puluh dua ribu
579.wav,laku le minerale enam ratus mililiter sembilan bungkus tiga puluh enam ribu
580.wav,laku le minerale enam ratus mililiter sepuluh bungkus empat puluh ribu
581.wav,laku lifebuoy body wash satu bungkus dua puluh lima ribu
582.wav,laku lifebuoy body wash dua bungkus lima puluh ribu
583.wav,laku lifebuoy body wash tiga bungkus tujuh puluh lima ribu
584.wav,laku lifebuoy body wash empat bungkus seratus ribu
585.wav,laku lifebuoy body wash lima bungkus seratus dua puluh lima ribu
586.wav,laku lifebuoy body wash enam bungkus seratus lima puluh ribu
587.wav,laku lifebuoy body wash tujuh bungkus seratus tujuh puluh lima ribu
588.wav,laku lifebuoy body wash delapan bungkus dua ratus ribu
589.wav,laku lifebuoy body wash sembilan bungkus dua ratus dua puluh lima ribu
590.wav,laku lifebuoy body wash sepuluh bungkus dua ratus lima puluh ribu
591.wav,keluar make over lipmatte satu bungkus sembilan puluh ribu
592.wav,keluar make over lipmatte dua bungkus seratus delapan puluh ribu
593.wav,keluar make over lipmatte tiga bungkus dua ratus tujuh puluh ribu
594.wav,keluar make over lipmatte empat bungkus tiga ratus enam puluh ribu
595.wav,keluar make over lipmatte lima bungkus empat ratus lima puluh ribu
596.wav,keluar make over lipmatte enam bungkus lima ratus empat puluh ribu
597.wav,keluar make over lipmatte tujuh bungkus enam ratus tiga puluh ribu
598.wav,keluar make over lipmatte delapan bungkus tujuh ratus dua puluh ribu
599.wav,keluar make over lipmatte sembilan bungkus delapan ratus sepuluh ribu
600.wav,keluar make over lipmatte sepuluh bungkus sembilan ratus ribu
601.wav,jual mama lemon sabun cuci piring satu bungkus tujuh ribu lima ratus
602.wav,jual mama lemon sabun cuci piring dua bungkus lima belas ribu
603.wav,jual mama lemon sabun cuci piring tiga bungkus dua puluh dua ribu lima ratus
604.wav,jual mama lemon sabun cuci piring empat bungkus tiga puluh ribu
605.wav,jual mama lemon sabun cuci piring lima bungkus tiga puluh tujuh ribu lima ratus
606.wav,jual mama lemon sabun cuci piring enam bungkus empat puluh lima ribu
607.wav,jual mama lemon sabun cuci piring tujuh bungkus lima puluh dua ribu lima ratus
608.wav,jual mama lemon sabun cuci piring delapan bungkus enam puluh ribu
609.wav,jual mama lemon sabun cuci piring sembilan bungkus enam puluh tujuh ribu lima ratus
610.wav,jual mama lemon sabun cuci piring sepuluh bungkus tujuh puluh lima ribu
611.wav,keluar marlboro gold satu bungkus tiga puluh delapan ribu
612.wav,keluar marlboro gold dua bungkus tujuh puluh enam ribu
613.wav,keluar marlboro gold tiga bungkus seratus empat belas ribu
614.wav,keluar marlboro gold empat bungkus seratus lima puluh dua ribu
615.wav,keluar marlboro gold lima bungkus seratus sembilan puluh ribu
616.wav,keluar marlboro gold enam bungkus dua ratus dua puluh delapan ribu
617.wav,keluar marlboro gold tujuh bungkus dua ratus enam puluh enam ribu
618.wav,keluar marlboro gold delapan bungkus tiga ratus empat ribu
619.wav,keluar marlboro gold sembilan bungkus tiga ratus empat puluh dua ribu
620.wav,keluar marlboro gold sepuluh bungkus tiga ratus delapan puluh ribu
621.wav,jual masako satu bungkus lima ribu
622.wav,jual masako dua bungkus sepuluh ribu
623.wav,jual masako tiga bungkus lima belas ribu
624.wav,jual masako empat bungkus dua puluh ribu
625.wav,jual masako lima bungkus dua puluh lima ribu
626.wav,jual masako enam bungkus tiga puluh ribu
627.wav,jual masako tujuh bungkus tiga puluh lima ribu
628.wav,jual masako delapan bungkus empat puluh ribu
629.wav,jual masako sembilan bungkus empat puluh lima ribu
630.wav,jual masako sepuluh bungkus lima puluh ribu
631.wav,laku milo satu kilogram satu bungkus sembilan puluh ribu
632.wav,laku milo satu kilogram dua bungkus seratus delapan puluh ribu
633.wav,laku milo satu kilogram tiga bungkus dua ratus tujuh puluh ribu
634.wav,laku milo satu kilogram empat bungkus tiga ratus enam puluh ribu
635.wav,laku milo satu kilogram lima bungkus empat ratus lima puluh ribu
636.wav,laku milo satu kilogram enam bungkus lima ratus empat puluh ribu
637.wav,laku milo satu kilogram tujuh bungkus enam ratus tiga puluh ribu
638.wav,laku milo satu kilogram delapan bungkus tujuh ratus dua puluh ribu
639.wav,laku milo satu kilogram sembilan bungkus delapan ratus sepuluh ribu
640.wav,laku milo satu kilogram sepuluh bungkus sembilan ratus ribu
641.wav,jual monde butter cookies satu bungkus sembilan puluh ribu
642.wav,jual monde butter cookies dua bungkus seratus delapan puluh ribu
643.wav,jual monde butter cookies tiga bungkus dua ratus tujuh puluh ribu
644.wav,jual monde butter cookies empat bungkus tiga ratus enam puluh ribu
645.wav,jual monde butter cookies lima bungkus empat ratus lima puluh ribu
646.wav,jual monde butter cookies enam bungkus lima ratus empat puluh ribu
647.wav,jual monde butter cookies tujuh bungkus enam ratus tiga puluh ribu
648.wav,jual monde butter cookies delapan bungkus tujuh ratus dua puluh ribu
649.wav,jual monde butter cookies sembilan bungkus delapan ratus sepuluh ribu
650.wav,jual monde butter cookies sepuluh bungkus sembilan ratus ribu
651.wav,jual nabati kaleng dua ratus delapan puluh tujuh gram satu bungkus tiga puluh tiga ribu
652.wav,jual nabati kaleng dua ratus delapan puluh tujuh gram dua bungkus enam puluh enam ribu
653.wav,jual nabati kaleng dua ratus delapan puluh tujuh gram tiga bungkus sembilan puluh sembilan ribu
654.wav,jual nabati kaleng dua ratus delapan puluh tujuh gram empat bungkus seratus tiga puluh dua ribu
655.wav,jual nabati kaleng dua ratus delapan puluh tujuh gram lima bungkus seratus enam puluh lima ribu
656.wav,jual nabati kaleng dua ratus delapan puluh tujuh gram enam bungkus seratus sembilan puluh delapan ribu
657.wav,jual nabati kaleng dua ratus delapan puluh tujuh gram tujuh bungkus dua ratus tiga puluh satu ribu
658.wav,jual nabati kaleng dua ratus delapan puluh tujuh gram delapan bungkus dua ratus enam puluh empat ribu
659.wav,jual nabati kaleng dua ratus delapan puluh tujuh gram sembilan bungkus dua ratus sembilan puluh tujuh ribu
660.wav,jual nabati kaleng dua ratus delapan puluh tujuh gram sepuluh bungkus tiga ratus tiga puluh ribu
661.wav,jual nabati wafer satu bungkus lima ribu
662.wav,jual nabati wafer dua bungkus sepuluh ribu
663.wav,jual nabati wafer tiga bungkus lima belas ribu
664.wav,jual nabati wafer empat bungkus dua puluh ribu
665.wav,jual nabati wafer lima bungkus dua puluh lima ribu
666.wav,jual nabati wafer enam bungkus tiga puluh ribu
667.wav,jual nabati wafer tujuh bungkus tiga puluh lima ribu
668.wav,jual nabati wafer delapan bungkus empat puluh ribu
669.wav,jual nabati wafer sembilan bungkus empat puluh lima ribu
670.wav,jual nabati wafer sepuluh bungkus lima puluh ribu
671.wav,jual neo coffee sachet pack satu bungkus dua belas ribu
672.wav,jual neo coffee sachet pack dua bungkus dua puluh empat ribu
673.wav,jual neo coffee sachet pack tiga bungkus tiga puluh enam ribu
674.wav,jual neo coffee sachet pack empat bungkus empat puluh delapan ribu
675.wav,jual neo coffee sachet pack lima bungkus enam puluh ribu
676.wav,jual neo coffee sachet pack enam bungkus tujuh puluh dua ribu
677.wav,jual neo coffee sachet pack tujuh bungkus delapan puluh empat ribu
678.wav,jual neo coffee sachet pack delapan bungkus sembilan puluh enam ribu
679.wav,jual neo coffee sachet pack sembilan bungkus seratus delapan ribu
680.wav,jual neo coffee sachet pack sepuluh bungkus seratus dua puluh ribu
681.wav,jual nescafe kitkat dua ratus dua puluh mililiter satu bungkus dua belas ribu
682.wav,jual nescafe kitkat dua ratus dua puluh mililiter dua bungkus dua puluh empat ribu
683.wav,jual nescafe kitkat dua ratus dua puluh mililiter tiga bungkus tiga puluh enam ribu
684.wav,jual nescafe kitkat dua ratus dua puluh mililiter empat bungkus empat puluh delapan ribu
685.wav,jual nescafe kitkat dua ratus dua puluh mililiter lima bungkus enam puluh ribu
686.wav,jual nescafe kitkat dua ratus dua puluh mililiter enam bungkus tujuh puluh dua ribu
687.wav,jual nescafe kitkat dua ratus dua puluh mililiter tujuh bungkus delapan puluh empat ribu
688.wav,jual nescafe kitkat dua ratus dua puluh mililiter delapan bungkus sembilan puluh enam ribu
689.wav,jual nescafe kitkat dua ratus dua puluh mililiter sembilan bungkus seratus delapan ribu
690.wav,jual nescafe kitkat dua ratus dua puluh mililiter sepuluh bungkus seratus dua puluh ribu
691.wav,jual omg lipcream satu bungkus dua puluh ribu
692.wav,jual omg lipcream dua bungkus empat puluh ribu
693.wav,jual omg lipcream tiga bungkus enam puluh ribu
694.wav,jual omg lipcream empat bungkus delapan puluh ribu
695.wav,jual omg lipcream lima bungkus seratus ribu
696.wav,jual omg lipcream enam bungkus seratus dua puluh ribu
697.wav,jual omg lipcream tujuh bungkus seratus empat puluh ribu
698.wav,jual omg lipcream delapan bungkus seratus enam puluh ribu
699.wav,jual omg lipcream sembilan bungkus seratus delapan puluh ribu
700.wav,jual omg lipcream sepuluh bungkus dua ratus ribu
701.wav,jual oreo sandwich roll seratus sembilan belas gram satu bungkus sepuluh ribu
702.wav,jual oreo sandwich roll seratus sembilan belas gram dua bungkus dua puluh ribu
703.wav,jual oreo sandwich roll seratus sembilan belas gram tiga bungkus tiga puluh ribu
704.wav,jual oreo sandwich roll seratus sembilan belas gram empat bungkus empat puluh ribu
705.wav,jual oreo sandwich roll seratus sembilan belas gram lima bungkus lima puluh ribu
706.wav,jual oreo sandwich roll seratus sembilan belas gram enam bungkus enam puluh ribu
707.wav,jual oreo sandwich roll seratus sembilan belas gram tujuh bungkus tujuh puluh ribu
708.wav,jual oreo sandwich roll seratus sembilan belas gram delapan bungkus delapan puluh ribu
709.wav,jual oreo sandwich roll seratus sembilan belas gram sembilan bungkus sembilan puluh ribu
710.wav,jual oreo sandwich roll seratus sembilan belas gram sepuluh bungkus seratus ribu
711.wav,jual pantene conditioner seratus lima puluh mililiter satu bungkus empat puluh lima ribu
712.wav,jual pantene conditioner seratus lima puluh mililiter dua bungkus sembilan puluh ribu
713.wav,jual pantene conditioner seratus lima puluh mililiter tiga bungkus seratus tiga puluh lima ribu
714.wav,jual pantene conditioner seratus lima puluh mililiter empat bungkus seratus delapan puluh ribu
715.wav,jual pantene conditioner seratus lima puluh mililiter lima bungkus dua ratus dua puluh lima ribu
716.wav,jual pantene conditioner seratus lima puluh mililiter enam bungkus dua ratus tujuh puluh ribu
717.wav,jual pantene conditioner seratus lima puluh mililiter tujuh bungkus tiga ratus lima belas ribu
718.wav,jual pantene conditioner seratus lima puluh mililiter delapan bungkus tiga ratus enam puluh ribu
719.wav,jual pantene conditioner seratus lima puluh mililiter sembilan bungkus empat ratus lima ribu
720.wav,jual pantene conditioner seratus lima puluh mililiter sepuluh bungkus empat ratus lima puluh ribu
721.wav,jual pantene shampoo satu liter satu bungkus empat puluh lima ribu
722.wav,jual pantene shampoo satu liter dua bungkus sembilan puluh ribu
723.wav,jual pantene shampoo satu liter tiga bungkus seratus tiga puluh lima ribu
724.wav,jual pantene shampoo satu liter empat bungkus seratus delapan puluh ribu
725.wav,jual pantene shampoo satu liter lima bungkus dua ratus dua puluh lima ribu
726.wav,jual pantene shampoo satu liter enam bungkus dua ratus tujuh puluh ribu
727.wav,jual pantene shampoo satu liter tujuh bungkus tiga ratus lima belas ribu
728.wav,jual pantene shampoo satu liter delapan bungkus tiga ratus enam puluh ribu
729.wav,jual pantene shampoo satu liter sembilan bungkus empat ratus lima ribu
730.wav,jual pantene shampoo satu liter sepuluh bungkus empat ratus lima puluh ribu
731.wav,jual pepsodent toothpaste satu bungkus lima belas ribu
732.wav,jual pepsodent toothpaste dua bungkus tiga puluh ribu
733.wav,jual pepsodent toothpaste tiga bungkus empat puluh lima ribu
734.wav,jual pepsodent toothpaste empat bungkus enam puluh ribu
735.wav,jual pepsodent toothpaste lima bungkus tujuh puluh lima ribu
736.wav,jual pepsodent toothpaste enam bungkus sembilan puluh ribu
737.wav,jual pepsodent toothpaste tujuh bungkus seratus lima ribu
738.wav,jual pepsodent toothpaste delapan bungkus seratus dua puluh ribu
739.wav,jual pepsodent toothpaste sembilan bungkus seratus tiga puluh lima ribu
740.wav,jual pepsodent toothpaste sepuluh bungkus seratus lima puluh ribu
741.wav,jual pocari sweat lima ratus mililiter satu bungkus tujuh ribu lima ratus
742.wav,jual pocari sweat lima ratus mililiter dua bungkus lima belas ribu
743.wav,jual pocari sweat lima ratus mililiter tiga bungkus dua puluh dua ribu lima ratus
744.wav,jual pocari sweat lima ratus mililiter empat bungkus tiga puluh ribu
745.wav,jual pocari sweat lima ratus mililiter lima bungkus tiga puluh tujuh ribu lima ratus
746.wav,jual pocari sweat lima ratus mililiter enam bungkus empat puluh lima ribu
747.wav,jual pocari sweat lima ratus mililiter tujuh bungkus lima puluh dua ribu lima ratus
748.wav,jual pocari sweat lima ratus mililiter delapan bungkus enam puluh ribu
749.wav,jual pocari sweat lima ratus mililiter sembilan bungkus enam puluh tujuh ribu lima ratus
750.wav,jual pocari sweat lima ratus mililiter sepuluh bungkus tujuh puluh lima ribu
751.wav,jual poci teh celup satu bungkus tujuh ribu lima ratus
752.wav,jual poci teh celup dua bungkus lima belas ribu
753.wav,jual poci teh celup tiga bungkus dua puluh dua ribu lima ratus
754.wav,jual poci teh celup empat bungkus tiga puluh ribu
755.wav,jual poci teh celup lima bungkus tiga puluh tujuh ribu lima ratus
756.wav,jual poci teh celup enam bungkus empat puluh lima ribu
757.wav,jual poci teh celup tujuh bungkus lima puluh dua ribu lima ratus
758.wav,jual poci teh celup delapan bungkus enam puluh ribu
759.wav,jual poci teh celup sembilan bungkus enam puluh tujuh ribu lima ratus
760.wav,jual poci teh celup sepuluh bungkus tujuh puluh lima ribu
761.wav,jual pop mie tujuh puluh lima gram satu bungkus tujuh ribu lima ratus
762.wav,jual pop mie tujuh puluh lima gram dua bungkus lima belas ribu
763.wav,jual pop mie tujuh puluh lima gram tiga bungkus dua puluh dua ribu lima ratus
764.wav,jual pop mie tujuh puluh lima gram empat bungkus tiga puluh ribu
765.wav,jual pop mie tujuh puluh lima gram lima bungkus tiga puluh tujuh ribu lima ratus
766.wav,jual pop mie tujuh puluh lima gram enam bungkus empat puluh lima ribu
767.wav,jual pop mie tujuh puluh lima gram tujuh bungkus lima puluh dua ribu lima ratus
768.wav,jual pop mie tujuh puluh lima gram delapan bungkus enam puluh ribu
769.wav,jual pop mie tujuh puluh lima gram sembilan bungkus enam puluh tujuh ribu lima ratus
770.wav,jual pop mie tujuh puluh lima gram sepuluh bungkus tujuh puluh lima ribu
771.wav,jual prenagen tiga ratus enam puluh gram satu bungkus sembilan puluh ribu
772.wav,jual prenagen tiga ratus enam puluh gram dua bungkus seratus delapan puluh ribu
773.wav,jual prenagen tiga ratus enam puluh gram tiga bungkus dua ratus tujuh puluh ribu
774.wav,jual prenagen tiga ratus enam puluh gram empat bungkus tiga ratus enam puluh ribu
775.wav,jual prenagen tiga ratus enam puluh gram lima bungkus empat ratus lima puluh ribu
776.wav,jual prenagen tiga ratus enam puluh gram enam bungkus lima ratus empat puluh ribu
777.wav,jual prenagen tiga ratus enam puluh gram tujuh bungkus enam ratus tiga puluh ribu
778.wav,jual prenagen tiga ratus enam puluh gram delapan bungkus tujuh ratus dua puluh ribu
779.wav,jual prenagen tiga ratus enam puluh gram sembilan bungkus delapan ratus sepuluh ribu
780.wav,jual prenagen tiga ratus enam puluh gram sepuluh bungkus sembilan ratus ribu
781.wav,jual prochiz slices keju cheddar satu bungkus lima belas ribu
782.wav,jual prochiz slices keju cheddar dua bungkus tiga puluh ribu
783.wav,jual prochiz slices keju cheddar tiga bungkus empat puluh lima ribu
784.wav,jual prochiz slices keju cheddar empat bungkus enam puluh ribu
785.wav,jual prochiz slices keju cheddar lima bungkus tujuh puluh lima ribu
786.wav,jual prochiz slices keju cheddar enam bungkus sembilan puluh ribu
787.wav,jual prochiz slices keju cheddar tujuh bungkus seratus lima ribu
788.wav,jual prochiz slices keju cheddar delapan bungkus seratus dua puluh ribu
789.wav,jual prochiz slices keju cheddar sembilan bungkus seratus tiga puluh lima ribu
790.wav,jual prochiz slices keju cheddar sepuluh bungkus seratus lima puluh ribu
791.wav,jual quacker oatmeal instan delapan ratus gram satu bungkus empat puluh lima ribu
792.wav,jual quacker oatmeal instan delapan ratus gram dua bungkus sembilan puluh ribu
793.wav,jual quacker oatmeal instan delapan ratus gram tiga bungkus seratus tiga puluh lima ribu
794.wav,jual quacker oatmeal instan delapan ratus gram empat bungkus seratus delapan puluh ribu
795.wav,jual quacker oatmeal instan delapan ratus gram lima bungkus dua ratus dua puluh lima ribu
796.wav,jual quacker oatmeal instan delapan ratus gram enam bungkus dua ratus tujuh puluh ribu
797.wav,jual quacker oatmeal instan delapan ratus gram tujuh bungkus tiga ratus lima belas ribu
798.wav,jual quacker oatmeal instan delapan ratus gram delapan bungkus tiga ratus enam puluh ribu
799.wav,jual quacker oatmeal instan delapan ratus gram sembilan bungkus empat ratus lima ribu
800.wav,jual quacker oatmeal instan delapan ratus gram sepuluh bungkus empat ratus lima puluh ribu
801.wav,jual rexona deodorant satu bungkus dua puluh ribu
802.wav,jual rexona deodorant dua bungkus empat puluh ribu
803.wav,jual rexona deodorant tiga bungkus enam puluh ribu
804.wav,jual rexona deodorant empat bungkus delapan puluh ribu
805.wav,jual rexona deodorant lima bungkus seratus ribu
806.wav,jual rexona deodorant enam bungkus seratus dua puluh ribu
807.wav,jual rexona deodorant tujuh bungkus seratus empat puluh ribu
808.wav,jual rexona deodorant delapan bungkus seratus enam puluh ribu
809.wav,jual rexona deodorant sembilan bungkus seratus delapan puluh ribu
810.wav,jual rexona deodorant sepuluh bungkus dua ratus ribu
811.wav,jual roma kelapa tiga ratus gram satu bungkus sepuluh ribu
812.wav,jual roma kelapa tiga ratus gram dua bungkus dua puluh ribu
813.wav,jual roma kelapa tiga ratus gram tiga bungkus tiga puluh ribu
814.wav,jual roma kelapa tiga ratus gram empat bungkus empat puluh ribu
815.wav,jual roma kelapa tiga ratus gram lima bungkus lima puluh ribu
816.wav,jual roma kelapa tiga ratus gram enam bungkus enam puluh ribu
817.wav,jual roma kelapa tiga ratus gram tujuh bungkus tujuh puluh ribu
818.wav,jual roma kelapa tiga ratus gram delapan bungkus delapan puluh ribu
819.wav,jual roma kelapa tiga ratus gram sembilan bungkus sembilan puluh ribu
820.wav,jual roma kelapa tiga ratus gram sepuluh bungkus seratus ribu
821.wav,jual roma sari gandum seratus empat puluh sembilan gram satu bungkus sepuluh ribu
822.wav,jual roma sari gandum seratus empat puluh sembilan gram dua bungkus dua puluh ribu
823.wav,jual roma sari gandum seratus empat puluh sembilan gram tiga bungkus tiga puluh ribu
824.wav,jual roma sari gandum seratus empat puluh sembilan gram empat bungkus empat puluh ribu
825.wav,jual roma sari gandum seratus empat puluh sembilan gram lima bungkus lima puluh ribu
826.wav,jual roma sari gandum seratus empat puluh sembilan gram enam bungkus enam puluh ribu
827.wav,jual roma sari gandum seratus empat puluh sembilan gram tujuh bungkus tujuh puluh ribu
828.wav,jual roma sari gandum seratus empat puluh sembilan gram delapan bungkus delapan puluh ribu
829.wav,jual roma sari gandum seratus empat puluh sembilan gram sembilan bungkus sembilan puluh ribu
830.wav,jual roma sari gandum seratus empat puluh sembilan gram sepuluh bungkus seratus ribu
831.wav,laku sgm soya vanila empat ratus gram satu bungkus enam puluh lima ribu
832.wav,laku sgm soya vanila empat ratus gram dua bungkus seratus tiga puluh ribu
833.wav,laku sgm soya vanila empat ratus gram tiga bungkus seratus sembilan puluh lima ribu
834.wav,laku sgm soya vanila empat ratus gram empat bungkus dua ratus enam puluh ribu
835.wav,laku sgm soya vanila empat ratus gram lima bungkus tiga ratus dua puluh lima ribu
836.wav,laku sgm soya vanila empat ratus gram enam bungkus tiga ratus sembilan puluh ribu
837.wav,laku sgm soya vanila empat ratus gram tujuh bungkus empat ratus lima puluh lima ribu
838.wav,laku sgm soya vanila empat ratus gram delapan bungkus lima ratus dua puluh ribu
839.wav,laku sgm soya vanila empat ratus gram sembilan bungkus lima ratus delapan puluh lima ribu
840.wav,laku sgm soya vanila empat ratus gram sepuluh bungkus enam ratus lima puluh ribu
841.wav,keluar sampoerna mild enam belas satu bungkus tiga puluh delapan ribu
842.wav,keluar sampoerna mild enam belas dua bungkus tujuh puluh enam ribu
843.wav,keluar sampoerna mild enam belas tiga bungkus seratus empat belas ribu
844.wav,keluar sampoerna mild enam belas empat bungkus seratus lima puluh dua ribu
845.wav,keluar sampoerna mild enam belas lima bungkus seratus sembilan puluh ribu
846.wav,keluar sampoerna mild enam belas enam bungkus dua ratus dua puluh delapan ribu
847.wav,keluar sampoerna mild enam belas tujuh bungkus dua ratus enam puluh enam ribu
848.wav,keluar sampoerna mild enam belas delapan bungkus tiga ratus empat ribu
849.wav,keluar sampoerna mild enam belas sembilan bungkus tiga ratus empat puluh dua ribu
850.wav,keluar sampoerna mild enam belas sepuluh bungkus tiga ratus delapan puluh ribu
851.wav,jual saori saus tiram dua ratus tujuh puluh mililiter satu bungkus delapan belas ribu
852.wav,jual saori saus tiram dua ratus tujuh puluh mililiter dua bungkus tiga puluh enam ribu
853.wav,jual saori saus tiram dua ratus tujuh puluh mililiter tiga bungkus lima puluh empat ribu
854.wav,jual saori saus tiram dua ratus tujuh puluh mililiter empat bungkus tujuh puluh dua ribu
855.wav,jual saori saus tiram dua ratus tujuh puluh mililiter lima bungkus sembilan puluh ribu
856.wav,jual saori saus tiram dua ratus tujuh puluh mililiter enam bungkus seratus delapan ribu
857.wav,jual saori saus tiram dua ratus tujuh puluh mililiter tujuh bungkus seratus dua puluh enam ribu
858.wav,jual saori saus tiram dua ratus tujuh puluh mililiter delapan bungkus seratus empat puluh empat ribu
859.wav,jual saori saus tiram dua ratus tujuh puluh mililiter sembilan bungkus seratus enam puluh dua ribu
860.wav,jual saori saus tiram dua ratus tujuh puluh mililiter sepuluh bungkus seratus delapan puluh ribu
861.wav,laku sari kue cheesecake satu bungkus dua belas ribu
862.wav,laku sari kue cheesecake dua bungkus dua puluh empat ribu
863.wav,laku sari kue cheesecake tiga bungkus tiga puluh enam ribu
864.wav,laku sari kue cheesecake empat bungkus empat puluh delapan ribu
865.wav,laku sari kue cheesecake lima bungkus enam puluh ribu
866.wav,laku sari kue cheesecake enam bungkus tujuh puluh dua ribu
867.wav,laku sari kue cheesecake tujuh bungkus delapan puluh empat ribu
868.wav,laku sari kue cheesecake delapan bungkus sembilan puluh enam ribu
869.wav,laku sari kue cheesecake sembilan bungkus seratus delapan ribu
870.wav,laku sari kue cheesecake sepuluh bungkus seratus dua puluh ribu
871.wav,keluar sari kue lapis surabaya satu bungkus dua belas ribu
872.wav,keluar sari kue lapis surabaya dua bungkus dua puluh empat ribu
873.wav,keluar sari kue lapis surabaya tiga bungkus tiga puluh enam ribu
874.wav,keluar sari kue lapis surabaya empat bungkus empat puluh delapan ribu
875.wav,keluar sari kue lapis surabaya lima bungkus enam puluh ribu
876.wav,keluar sari kue lapis surabaya enam bungkus tujuh puluh dua ribu
877.wav,keluar sari kue lapis surabaya tujuh bungkus delapan puluh empat ribu
878.wav,keluar sari kue lapis surabaya delapan bungkus sembilan puluh enam ribu
879.wav,keluar sari kue lapis surabaya sembilan bungkus seratus delapan ribu
880.wav,keluar sari kue lapis surabaya sepuluh bungkus seratus dua puluh ribu
881.wav,jual sari roti klasik kasur seratus delapan puluh lima gram satu bungkus dua belas ribu
882.wav,jual sari roti klasik kasur seratus delapan puluh lima gram dua bungkus dua puluh empat ribu
883.wav,jual sari roti klasik kasur seratus delapan puluh lima gram tiga bungkus tiga puluh enam ribu
884.wav,jual sari roti klasik kasur seratus delapan puluh lima gram empat bungkus empat puluh delapan ribu
885.wav,jual sari roti klasik kasur seratus delapan puluh lima gram lima bungkus enam puluh ribu
886.wav,jual sari roti klasik kasur seratus delapan puluh lima gram enam bungkus tujuh puluh dua ribu
887.wav,jual sari roti klasik kasur seratus delapan puluh lima gram tujuh bungkus delapan puluh empat ribu
888.wav,jual sari roti klasik kasur seratus delapan puluh lima gram delapan bungkus sembilan puluh enam ribu
889.wav,jual sari roti klasik kasur seratus delapan puluh lima gram sembilan bungkus seratus delapan ribu
890.wav,jual sari roti klasik kasur seratus delapan puluh lima gram sepuluh bungkus seratus dua puluh ribu
891.wav,laku sari roti sisir seratus enam puluh lima gram satu bungkus dua belas ribu
892.wav,laku sari roti sisir seratus enam puluh lima gram dua bungkus dua puluh empat ribu
893.wav,laku sari roti sisir seratus enam puluh lima gram tiga bungkus tiga puluh enam ribu
894.wav,laku sari roti sisir seratus enam puluh lima gram empat bungkus empat puluh delapan ribu
895.wav,laku sari roti sisir seratus enam puluh lima gram lima bungkus enam puluh ribu
896.wav,laku sari roti sisir seratus enam puluh lima gram enam bungkus tujuh puluh dua ribu
897.wav,laku sari roti sisir seratus enam puluh lima gram tujuh bungkus delapan puluh empat ribu
898.wav,laku sari roti sisir seratus enam puluh lima gram delapan bungkus sembilan puluh enam ribu
899.wav,laku sari roti sisir seratus enam puluh lima gram sembilan bungkus seratus delapan ribu
900.wav,laku sari roti sisir seratus enam puluh lima gram sepuluh bungkus seratus dua puluh ribu
901.wav,jual sari roti sobek tujuh puluh dua gram satu bungkus dua belas ribu
902.wav,jual sari roti sobek tujuh puluh dua gram dua bungkus dua puluh empat ribu
903.wav,jual sari roti sobek tujuh puluh dua gram tiga bungkus tiga puluh enam ribu
904.wav,jual sari roti sobek tujuh puluh dua gram empat bungkus empat puluh delapan ribu
905.wav,jual sari roti sobek tujuh puluh dua gram lima bungkus enam puluh ribu
906.wav,jual sari roti sobek tujuh puluh dua gram enam bungkus tujuh puluh dua ribu
907.wav,jual sari roti sobek tujuh puluh dua gram tujuh bungkus delapan puluh empat ribu
908.wav,jual sari roti sobek tujuh puluh dua gram delapan bungkus sembilan puluh enam ribu
909.wav,jual sari roti sobek tujuh puluh dua gram sembilan bungkus seratus delapan ribu
910.wav,jual sari roti sobek tujuh puluh dua gram sepuluh bungkus seratus dua puluh ribu
911.wav,jual sari roti tawar satu bungkus dua belas ribu
912.wav,jual sari roti tawar dua bungkus dua puluh empat ribu
913.wav,jual sari roti tawar tiga bungkus tiga puluh enam ribu
914.wav,jual sari roti tawar empat bungkus empat puluh delapan ribu
915.wav,jual sari roti tawar lima bungkus enam puluh ribu
916.wav,jual sari roti tawar enam bungkus tujuh puluh dua ribu
917.wav,jual sari roti tawar tujuh bungkus delapan puluh empat ribu
918.wav,jual sari roti tawar delapan bungkus sembilan puluh enam ribu
919.wav,jual sari roti tawar sembilan bungkus seratus delapan ribu
920.wav,jual sari roti tawar sepuluh bungkus seratus dua puluh ribu
921.wav,jual sasa micin satu bungkus lima ribu
922.wav,jual sasa micin dua bungkus sepuluh ribu
923.wav,jual sasa micin tiga bungkus lima belas ribu
924.wav,jual sasa micin empat bungkus dua puluh ribu
925.wav,jual sasa micin lima bungkus dua puluh lima ribu
926.wav,jual sasa micin enam bungkus tiga puluh ribu
927.wav,jual sasa micin tujuh bungkus tiga puluh lima ribu
928.wav,jual sasa micin delapan bungkus empat puluh ribu
929.wav,jual sasa micin sembilan bungkus empat puluh lima ribu
930.wav,jual sasa micin sepuluh bungkus lima puluh ribu
931.wav,jual sedaap ayam bawang satu bungkus tiga ribu delapan ratus
932.wav,jual sedaap ayam bawang dua bungkus tujuh ribu enam ratus
933.wav,jual sedaap ayam bawang tiga bungkus sebelas ribu empat ratus
934.wav,jual sedaap ayam bawang empat bungkus lima belas ribu dua ratus
935.wav,jual sedaap ayam bawang lima bungkus sembilan belas ribu
936.wav,jual sedaap ayam bawang enam bungkus dua puluh dua ribu delapan ratus
937.wav,jual sedaap ayam bawang tujuh bungkus dua puluh enam ribu enam ratus
938.wav,jual sedaap ayam bawang delapan bungkus tiga puluh ribu empat ratus
939.wav,jual sedaap ayam bawang sembilan bungkus tiga puluh empat ribu dua ratus
940.wav,jual sedaap ayam bawang sepuluh bungkus tiga puluh delapan ribu
941.wav,jual sedaap goreng satu bungkus tiga ribu delapan ratus
942.wav,jual sedaap goreng dua bungkus tujuh ribu enam ratus
943.wav,jual sedaap goreng tiga bungkus sebelas ribu empat ratus
944.wav,jual sedaap goreng empat bungkus lima belas ribu dua ratus
945.wav,jual sedaap goreng lima bungkus sembilan belas ribu
946.wav,jual sedaap goreng enam bungkus dua puluh dua ribu delapan ratus
947.wav,jual sedaap goreng tujuh bungkus dua puluh enam ribu enam ratus
948.wav,jual sedaap goreng delapan bungkus tiga puluh ribu empat ratus
949.wav,jual sedaap goreng sembilan bungkus tiga puluh empat ribu dua ratus
950.wav,jual sedaap goreng sepuluh bungkus tiga puluh delapan ribu
951.wav,jual sedaap kari spesial satu bungkus tiga ribu delapan ratus
952.wav,jual sedaap kari spesial dua bungkus tujuh ribu enam ratus
953.wav,jual sedaap kari spesial tiga bungkus sebelas ribu empat ratus
954.wav,jual sedaap kari spesial empat bungkus lima belas ribu dua ratus
955.wav,jual sedaap kari spesial lima bungkus sembilan belas ribu
956.wav,jual sedaap kari spesial enam bungkus dua puluh dua ribu delapan ratus
957.wav,jual sedaap kari spesial tujuh bungkus dua puluh enam ribu enam ratus
958.wav,jual sedaap kari spesial delapan bungkus tiga puluh ribu empat ratus
959.wav,jual sedaap kari spesial sembilan bungkus tiga puluh empat ribu dua ratus
960.wav,jual sedaap kari spesial sepuluh bungkus tiga puluh delapan ribu
961.wav,jual sedaap kecap manis lima ratus lima puluh mililiter satu bungkus delapan belas ribu
962.wav,jual sedaap kecap manis lima ratus lima puluh mililiter dua bungkus tiga puluh enam ribu
963.wav,jual sedaap kecap manis lima ratus lima puluh mililiter tiga bungkus lima puluh empat ribu
964.wav,jual sedaap kecap manis lima ratus lima puluh mililiter empat bungkus tujuh puluh dua ribu
965.wav,jual sedaap kecap manis lima ratus lima puluh mililiter lima bungkus sembilan puluh ribu
966.wav,jual sedaap kecap manis lima ratus lima puluh mililiter enam bungkus seratus delapan ribu
967.wav,jual sedaap kecap manis lima ratus lima puluh mililiter tujuh bungkus seratus dua puluh enam ribu
968.wav,jual sedaap kecap manis lima ratus lima puluh mililiter delapan bungkus seratus empat puluh empat ribu
969.wav,jual sedaap kecap manis lima ratus lima puluh mililiter sembilan bungkus seratus enam puluh dua ribu
970.wav,jual sedaap kecap manis lima ratus lima puluh mililiter sepuluh bungkus seratus delapan puluh ribu
971.wav,jual sedaap selection satu bungkus tiga ribu delapan ratus
972.wav,jual sedaap selection dua bungkus tujuh ribu enam ratus
973.wav,jual sedaap selection tiga bungkus sebelas ribu empat ratus
974.wav,jual sedaap selection empat bungkus lima belas ribu dua ratus
975.wav,jual sedaap selection lima bungkus sembilan belas ribu
976.wav,jual sedaap selection enam bungkus dua puluh dua ribu delapan ratus
977.wav,jual sedaap selection tujuh bungkus dua puluh enam ribu enam ratus
978.wav,jual sedaap selection delapan bungkus tiga puluh ribu empat ratus
979.wav,jual sedaap selection sembilan bungkus tiga puluh empat ribu dua ratus
980.wav,jual sedaap selection sepuluh bungkus tiga puluh delapan ribu
981.wav,jual sedaap singapore laksa satu bungkus tiga ribu delapan ratus
982.wav,jual sedaap singapore laksa dua bungkus tujuh ribu enam ratus
983.wav,jual sedaap singapore laksa tiga bungkus sebelas ribu empat ratus
984.wav,jual sedaap singapore laksa empat bungkus lima belas ribu dua ratus
985.wav,jual sedaap singapore laksa lima bungkus sembilan belas ribu
986.wav,jual sedaap singapore laksa enam bungkus dua puluh dua ribu delapan ratus
987.wav,jual sedaap singapore laksa tujuh bungkus dua puluh enam ribu enam ratus
988.wav,jual sedaap singapore laksa delapan bungkus tiga puluh ribu empat ratus
989.wav,jual sedaap singapore laksa sembilan bungkus tiga puluh empat ribu dua ratus
990.wav,jual sedaap singapore laksa sepuluh bungkus tiga puluh delapan ribu
991.wav,jual sedaap soto satu bungkus tiga ribu delapan ratus
992.wav,jual sedaap soto dua bungkus tujuh ribu enam ratus
993.wav,jual sedaap soto tiga bungkus sebelas ribu empat ratus
994.wav,jual sedaap soto empat bungkus lima belas ribu dua ratus
995.wav,jual sedaap soto lima bungkus sembilan belas ribu
996.wav,jual sedaap soto enam bungkus dua puluh dua ribu delapan ratus
997.wav,jual sedaap soto tujuh bungkus dua puluh enam ribu enam ratus
998.wav,jual sedaap soto delapan bungkus tiga puluh ribu empat ratus
999.wav,jual sedaap soto sembilan bungkus tiga puluh empat ribu dua ratus
1000.wav,jual sedaap soto sepuluh bungkus tiga puluh delapan ribu
1001.wav,jual segitiga biru tepung terigu satu kilogram satu bungkus lima belas ribu
1002.wav,jual segitiga biru tepung terigu satu kilogram dua bungkus tiga puluh ribu
1003.wav,jual segitiga biru tepung terigu satu kilogram tiga bungkus empat puluh lima ribu
1004.wav,jual segitiga biru tepung terigu satu kilogram empat bungkus enam puluh ribu
1005.wav,jual segitiga biru tepung terigu satu kilogram lima bungkus tujuh puluh lima ribu
1006.wav,jual segitiga biru tepung terigu satu kilogram enam bungkus sembilan puluh ribu
1007.wav,jual segitiga biru tepung terigu satu kilogram tujuh bungkus seratus lima ribu
1008.wav,jual segitiga biru tepung terigu satu kilogram delapan bungkus seratus dua puluh ribu
1009.wav,jual segitiga biru tepung terigu satu kilogram sembilan bungkus seratus tiga puluh lima ribu
1010.wav,jual segitiga biru tepung terigu satu kilogram sepuluh bungkus seratus lima puluh ribu
1011.wav,jual silverqueen milk chocolate satu bungkus dua belas ribu
1012.wav,jual silverqueen milk chocolate dua bungkus dua puluh empat ribu
1013.wav,jual silverqueen milk chocolate tiga bungkus tiga puluh enam ribu
1014.wav,jual silverqueen milk chocolate empat bungkus empat puluh delapan ribu
1015.wav,jual silverqueen milk chocolate lima bungkus enam puluh ribu
1016.wav,jual silverqueen milk chocolate enam bungkus tujuh puluh dua ribu
1017.wav,jual silverqueen milk chocolate tujuh bungkus delapan puluh empat ribu
1018.wav,jual silverqueen milk chocolate delapan bungkus sembilan puluh enam ribu
1019.wav,jual silverqueen milk chocolate sembilan bungkus seratus delapan ribu
1020.wav,jual silverqueen milk chocolate sepuluh bungkus seratus dua puluh ribu
1021.wav,jual sleek detergen cair empat ratus lima puluh mililiter satu bungkus dua puluh lima ribu
1022.wav,jual sleek detergen cair empat ratus lima puluh mililiter dua bungkus lima puluh ribu
1023.wav,jual sleek detergen cair empat ratus lima puluh mililiter tiga bungkus tujuh puluh lima ribu
1024.wav,jual sleek detergen cair empat ratus lima puluh mililiter empat bungkus seratus ribu
1025.wav,jual sleek detergen cair empat ratus lima puluh mililiter lima bungkus seratus dua puluh lima ribu
1026.wav,jual sleek detergen cair empat ratus lima puluh mililiter enam bungkus seratus lima puluh ribu
1027.wav,jual sleek detergen cair empat ratus lima puluh mililiter tujuh bungkus seratus tujuh puluh lima ribu
1028.wav,jual sleek detergen cair empat ratus lima puluh mililiter delapan bungkus dua ratus ribu
1029.wav,jual sleek detergen cair empat ratus lima puluh mililiter sembilan bungkus dua ratus dua puluh lima ribu
1030.wav,jual sleek detergen cair empat ratus lima puluh mililiter sepuluh bungkus dua ratus lima puluh ribu
1031.wav,jual so klin liquid tujuh ratus dua puluh mililiter satu bungkus dua puluh lima ribu
1032.wav,jual so klin liquid tujuh ratus dua puluh mililiter dua bungkus lima puluh ribu
1033.wav,jual so klin liquid tujuh ratus dua puluh mililiter tiga bungkus tujuh puluh lima ribu
1034.wav,jual so klin liquid tujuh ratus dua puluh mililiter empat bungkus seratus ribu
1035.wav,jual so klin liquid tujuh ratus dua puluh mililiter lima bungkus seratus dua puluh lima ribu
1036.wav,jual so klin liquid tujuh ratus dua puluh mililiter enam bungkus seratus lima puluh ribu
1037.wav,jual so klin liquid tujuh ratus dua puluh mililiter tujuh bungkus seratus tujuh puluh lima ribu
1038.wav,jual so klin liquid tujuh ratus dua puluh mililiter delapan bungkus dua ratus ribu
1039.wav,jual so klin liquid tujuh ratus dua puluh mililiter sembilan bungkus dua ratus dua puluh lima ribu
1040.wav,jual so klin liquid tujuh ratus dua puluh mililiter sepuluh bungkus dua ratus lima puluh ribu
1041.wav,jual sprite satu liter satu bungkus lima belas ribu
1042.wav,jual sprite satu liter dua bungkus tiga puluh ribu
1043.wav,jual sprite satu liter tiga bungkus empat puluh lima ribu
1044.wav,jual sprite satu liter empat bungkus enam puluh ribu
1045.wav,jual sprite satu liter lima bungkus tujuh puluh lima ribu
1046.wav,jual sprite satu liter enam bungkus sembilan puluh ribu
1047.wav,jual sprite satu liter tujuh bungkus seratus lima ribu
1048.wav,jual sprite satu liter delapan bungkus seratus dua puluh ribu
1049.wav,jual sprite satu liter sembilan bungkus seratus tiga puluh lima ribu
1050.wav,jual sprite satu liter sepuluh bungkus seratus lima puluh ribu
1051.wav,jual stella spray empat ratus mililiter satu bungkus tiga puluh tiga ribu
1052.wav,jual stella spray empat ratus mililiter dua bungkus enam puluh enam ribu
1053.wav,jual stella spray empat ratus mililiter tiga bungkus sembilan puluh sembilan ribu
1054.wav,jual stella spray empat ratus mililiter empat bungkus seratus tiga puluh dua ribu
1055.wav,jual stella spray empat ratus mililiter lima bungkus seratus enam puluh lima ribu
1056.wav,jual stella spray empat ratus mililiter enam bungkus seratus sembilan puluh delapan ribu
1057.wav,jual stella spray empat ratus mililiter tujuh bungkus dua ratus tiga puluh satu ribu
1058.wav,jual stella spray empat ratus mililiter delapan bungkus dua ratus enam puluh empat ribu
1059.wav,jual stella spray empat ratus mililiter sembilan bungkus dua ratus sembilan puluh tujuh ribu
1060.wav,jual stella spray empat ratus mililiter sepuluh bungkus tiga ratus tiga puluh ribu
1061.wav,jual sweety silver pants satu bungkus sembilan puluh ribu
1062.wav,jual sweety silver pants dua bungkus seratus delapan puluh ribu
1063.wav,jual sweety silver pants tiga bungkus dua ratus tujuh puluh ribu
1064.wav,jual sweety silver pants empat bungkus tiga ratus enam puluh ribu
1065.wav,jual sweety silver pants lima bungkus empat ratus lima puluh ribu
1066.wav,jual sweety silver pants enam bungkus lima ratus empat puluh ribu
1067.wav,jual sweety silver pants tujuh bungkus enam ratus tiga puluh ribu
1068.wav,jual sweety silver pants delapan bungkus tujuh ratus dua puluh ribu
1069.wav,jual sweety silver pants sembilan bungkus delapan ratus sepuluh ribu
1070.wav,jual sweety silver pants sepuluh bungkus sembilan ratus ribu
1071.wav,jual taro tiga puluh dua gram satu bungkus lima ribu
1072.wav,jual taro tiga puluh dua gram dua bungkus sepuluh ribu
1073.wav,jual taro tiga puluh dua gram tiga bungkus lima belas ribu
1074.wav,jual taro tiga puluh dua gram empat bungkus dua puluh ribu
1075.wav,jual taro tiga puluh dua gram lima bungkus dua puluh lima ribu
1076.wav,jual taro tiga puluh dua gram enam bungkus tiga puluh ribu
1077.wav,jual taro tiga puluh dua gram tujuh bungkus tiga puluh lima ribu
1078.wav,jual taro tiga puluh dua gram delapan bungkus empat puluh ribu
1079.wav,jual taro tiga puluh dua gram sembilan bungkus empat puluh lima ribu
1080.wav,jual taro tiga puluh dua gram sepuluh bungkus lima puluh ribu
1081.wav,jual teh kotak dua ratus mililiter satu bungkus empat ribu
1082.wav,jual teh kotak dua ratus mililiter dua bungkus delapan ribu
1083.wav,jual teh kotak dua ratus mililiter tiga bungkus dua belas ribu
1084.wav,jual teh kotak dua ratus mililiter empat bungkus enam belas ribu
1085.wav,jual teh kotak dua ratus mililiter lima bungkus dua puluh ribu
1086.wav,jual teh kotak dua ratus mililiter enam bungkus dua puluh empat ribu
1087.wav,jual teh kotak dua ratus mililiter tujuh bungkus dua puluh delapan ribu
1088.wav,jual teh kotak dua ratus mililiter delapan bungkus tiga puluh dua ribu
1089.wav,jual teh kotak dua ratus mililiter sembilan bungkus tiga puluh enam ribu
1090.wav,jual teh kotak dua ratus mililiter sepuluh bungkus empat puluh ribu
1091.wav,jual teh pucuk harum tiga ratus lima puluh mililiter satu bungkus empat ribu
1092.wav,jual teh pucuk harum tiga ratus lima puluh mililiter dua bungkus delapan ribu
1093.wav,jual teh pucuk harum tiga ratus lima puluh mililiter tiga bungkus dua belas ribu
1094.wav,jual teh pucuk harum tiga ratus lima puluh mililiter empat bungkus enam belas ribu
1095.wav,jual teh pucuk harum tiga ratus lima puluh mililiter lima bungkus dua puluh ribu
1096.wav,jual teh pucuk harum tiga ratus lima puluh mililiter enam bungkus dua puluh empat ribu
1097.wav,jual teh pucuk harum tiga ratus lima puluh mililiter tujuh bungkus dua puluh delapan ribu
1098.wav,jual teh pucuk harum tiga ratus lima puluh mililiter delapan bungkus tiga puluh dua ribu
1099.wav,jual teh pucuk harum tiga ratus lima puluh mililiter sembilan bungkus tiga puluh enam ribu
1100.wav,jual teh pucuk harum tiga ratus lima puluh mililiter sepuluh bungkus empat puluh ribu
1101.wav,jual tejahe permen satu bungkus tujuh ribu lima ratus
1102.wav,jual tejahe permen dua bungkus lima belas ribu
1103.wav,jual tejahe permen tiga bungkus dua puluh dua ribu lima ratus
1104.wav,jual tejahe permen empat bungkus tiga puluh ribu
1105.wav,jual tejahe permen lima bungkus tiga puluh tujuh ribu lima ratus
1106.wav,jual tejahe permen enam bungkus empat puluh lima ribu
1107.wav,jual tejahe permen tujuh bungkus lima puluh dua ribu lima ratus
1108.wav,jual tejahe permen delapan bungkus enam puluh ribu
1109.wav,jual tejahe permen sembilan bungkus enam puluh tujuh ribu lima ratus
1110.wav,jual tejahe permen sepuluh bungkus tujuh puluh lima ribu
1111.wav,jual telor ayam satu kilogram satu bungkus tiga puluh tiga ribu
1112.wav,jual telor ayam satu kilogram dua bungkus enam puluh enam ribu
1113.wav,jual telor ayam satu kilogram tiga bungkus sembilan puluh sembilan ribu
1114.wav,jual telor ayam satu kilogram empat bungkus seratus tiga puluh dua ribu
1115.wav,jual telor ayam satu kilogram lima bungkus seratus enam puluh lima ribu
1116.wav,jual telor ayam satu kilogram enam bungkus seratus sembilan puluh delapan ribu
1117.wav,jual telor ayam satu kilogram tujuh bungkus dua ratus tiga puluh satu ribu
1118.wav,jual telor ayam satu kilogram delapan bungkus dua ratus enam puluh empat ribu
1119.wav,jual telor ayam satu kilogram sembilan bungkus dua ratus sembilan puluh tujuh ribu
1120.wav,jual telor ayam satu kilogram sepuluh bungkus tiga ratus tiga puluh ribu
1121.wav,jual tolak angin satu bungkus tujuh ribu
1122.wav,jual tolak angin dua bungkus empat belas ribu
1123.wav,jual tolak angin tiga bungkus dua puluh satu ribu
1124.wav,jual tolak angin empat bungkus dua puluh delapan ribu
1125.wav,jual tolak angin lima bungkus tiga puluh lima ribu
1126.wav,jual tolak angin enam bungkus empat puluh dua ribu
1127.wav,jual tolak angin tujuh bungkus empat puluh sembilan ribu
1128.wav,jual tolak angin delapan bungkus lima puluh enam ribu
1129.wav,jual tolak angin sembilan bungkus enam puluh tiga ribu
1130.wav,jual tolak angin sepuluh bungkus tujuh puluh ribu
1131.wav,jual tolak linu satu bungkus delapan ribu lima ratus
1132.wav,jual tolak linu dua bungkus tujuh belas ribu
1133.wav,jual tolak linu tiga bungkus dua puluh lima ribu lima ratus
1134.wav,jual tolak linu empat bungkus tiga puluh empat ribu
1135.wav,jual tolak linu lima bungkus empat puluh dua ribu lima ratus
1136.wav,jual tolak linu enam bungkus lima puluh satu ribu
1137.wav,jual tolak linu tujuh bungkus lima puluh sembilan ribu lima ratus
1138.wav,jual tolak linu delapan bungkus enam puluh delapan ribu
1139.wav,jual tolak linu sembilan bungkus tujuh puluh enam ribu lima ratus
1140.wav,jual tolak linu sepuluh bungkus delapan puluh lima ribu
1141.wav,jual top coffee sachet pack satu bungkus dua belas ribu
1142.wav,jual top coffee sachet pack dua bungkus dua puluh empat ribu
1143.wav,jual top coffee sachet pack tiga bungkus tiga puluh enam ribu
1144.wav,jual top coffee sachet pack empat bungkus empat puluh delapan ribu
1145.wav,jual top coffee sachet pack lima bungkus enam puluh ribu
1146.wav,jual top coffee sachet pack enam bungkus tujuh puluh dua ribu
1147.wav,jual top coffee sachet pack tujuh bungkus delapan puluh empat ribu
1148.wav,jual top coffee sachet pack delapan bungkus sembilan puluh enam ribu
1149.wav,jual top coffee sachet pack sembilan bungkus seratus delapan ribu
1150.wav,jual top coffee sachet pack sepuluh bungkus seratus dua puluh ribu
1151.wav,jual tropicana slim satu bungkus empat puluh lima ribu
1152.wav,jual tropicana slim dua bungkus sembilan puluh ribu
1153.wav,jual tropicana slim tiga bungkus seratus tiga puluh lima ribu
1154.wav,jual tropicana slim empat bungkus seratus delapan puluh ribu
1155.wav,jual tropicana slim lima bungkus dua ratus dua puluh lima ribu
1156.wav,jual tropicana slim enam bungkus dua ratus tujuh puluh ribu
1157.wav,jual tropicana slim tujuh bungkus tiga ratus lima belas ribu
1158.wav,jual tropicana slim delapan bungkus tiga ratus enam puluh ribu
1159.wav,jual tropicana slim sembilan bungkus empat ratus lima ribu
1160.wav,jual tropicana slim sepuluh bungkus empat ratus lima puluh ribu
1161.wav,jual wafello wafer satu bungkus lima ribu
1162.wav,jual wafello wafer dua bungkus sepuluh ribu
1163.wav,jual wafello wafer tiga bungkus lima belas ribu
1164.wav,jual wafello wafer empat bungkus dua puluh ribu
1165.wav,jual wafello wafer lima bungkus dua puluh lima ribu
1166.wav,jual wafello wafer enam bungkus tiga puluh ribu
1167.wav,jual wafello wafer tujuh bungkus tiga puluh lima ribu
1168.wav,jual wafello wafer delapan bungkus empat puluh ribu
1169.wav,jual wafello wafer sembilan bungkus empat puluh lima ribu
1170.wav,jual wafello wafer sepuluh bungkus lima puluh ribu
1171.wav,jual wardah cushion satu bungkus sembilan puluh ribu
1172.wav,jual wardah cushion dua bungkus seratus delapan puluh ribu
1173.wav,jual wardah cushion tiga bungkus dua ratus tujuh puluh ribu
1174.wav,jual wardah cushion empat bungkus tiga ratus enam puluh ribu
1175.wav,jual wardah cushion lima bungkus empat ratus lima puluh ribu
1176.wav,jual wardah cushion enam bungkus lima ratus empat puluh ribu
1177.wav,jual wardah cushion tujuh bungkus enam ratus tiga puluh ribu
1178.wav,jual wardah cushion delapan bungkus tujuh ratus dua puluh ribu
1179.wav,jual wardah cushion sembilan bungkus delapan ratus sepuluh ribu
1180.wav,jual wardah cushion sepuluh bungkus sembilan ratus ribu
1181.wav,jual wipol tujuh ratus lima puluh mililiter satu bungkus dua puluh lima ribu
1182.wav,jual wipol tujuh ratus lima puluh mililiter dua bungkus lima puluh ribu
1183.wav,jual wipol tujuh ratus lima puluh mililiter tiga bungkus tujuh puluh lima ribu
1184.wav,jual wipol tujuh ratus lima puluh mililiter empat bungkus seratus ribu
1185.wav,jual wipol tujuh ratus lima puluh mililiter lima bungkus seratus dua puluh lima ribu
1186.wav,jual wipol tujuh ratus lima puluh mililiter enam bungkus seratus lima puluh ribu
1187.wav,jual wipol tujuh ratus lima puluh mililiter tujuh bungkus seratus tujuh puluh lima ribu
1188.wav,jual wipol tujuh ratus lima puluh mililiter delapan bungkus dua ratus ribu
1189.wav,jual wipol tujuh ratus lima puluh mililiter sembilan bungkus dua ratus dua puluh lima ribu
1190.wav,jual wipol tujuh ratus lima puluh mililiter sepuluh bungkus dua ratus lima puluh ribu
1191.wav,jual you c thousand seratus empat puluh mililiter satu bungkus delapan ribu lima ratus
1192.wav,jual you c thousand seratus empat puluh mililiter dua bungkus tujuh belas ribu
1193.wav,jual you c thousand seratus empat puluh mililiter tiga bungkus dua puluh lima ribu lima ratus
1194.wav,jual you c thousand seratus empat puluh mililiter empat bungkus tiga puluh empat ribu
1195.wav,jual you c thousand seratus empat puluh mililiter lima bungkus empat puluh dua ribu lima ratus
1196.wav,jual you c thousand seratus empat puluh mililiter enam bungkus lima puluh satu ribu
1197.wav,jual you c thousand seratus empat puluh mililiter tujuh bungkus lima puluh sembilan ribu lima ratus
1198.wav,jual you c thousand seratus empat puluh mililiter delapan bungkus enam puluh delapan ribu
1199.wav,jual you c thousand seratus empat puluh mililiter sembilan bungkus tujuh puluh enam ribu lima ratus
1200.wav,jual you c thousand seratus empat puluh mililiter sepuluh bungkus delapan puluh lima ribu
